26/10/03 09:53:36 WARN NativeCodeLoader: Unable to load native-hadoop library for your platform... using builtin-java classes where applicable
26/10/03 09:53:37 INFO SparkContext: Running Spark version 3.5.3
26/10/03 09:53:37 INFO SparkContext: OS info Linux, 6.18.33.2-microsoft-standard-WSL2, amd64
26/10/03 09:53:37 INFO SparkContext: Java version 11.0.24
26/10/03 09:53:37 INFO ResourceUtils: ==============================================================
26/10/03 09:53:37 INFO ResourceUtils: No custom resources configured for spark.driver.
26/10/03 09:53:37 INFO ResourceUtils: ==============================================================
26/10/03 09:53:37 INFO SparkContext: Submitted application: variant3-bronze-gold-consumer
26/10/03 09:53:37 INFO ResourceProfile: Default ResourceProfile created, executor resources: Map(cores -> name: cores, amount: 1, script: , vendor: , memory -> name: memory, amount: 1024, script: , vendor: , offHeap -> name: offHeap, amount: 0, script: , vendor: ), task resources: Map(cpus -> name: cpus, amount: 1.0)
26/10/03 09:53:37 INFO ResourceProfile: Limiting resource is cpu
26/10/03 09:53:37 INFO ResourceProfileManager: Added ResourceProfile id: 0
26/10/03 09:53:37 INFO SecurityManager: Changing view acls to: spark
26/10/03 09:53:37 INFO SecurityManager: Changing modify acls to: spark
26/10/03 09:53:37 INFO SecurityManager: Changing view acls groups to: 
26/10/03 09:53:37 INFO SecurityManager: Changing modify acls groups to: 
26/10/03 09:53:37 INFO SecurityManager: SecurityManager: authentication disabled; ui acls disabled; users with view permissions: spark; groups with view permissions: EMPTY; users with modify permissions: spark; groups with modify permissions: EMPTY
26/10/03 09:53:37 INFO Utils: Successfully started service 'sparkDriver' on port 41773.
26/10/03 09:53:37 INFO SparkEnv: Registering MapOutputTracker
26/10/03 09:53:37 INFO SparkEnv: Registering BlockManagerMaster
26/10/03 09:53:37 INFO BlockManagerMasterEndpoint: Using org.apache.spark.storage.DefaultTopologyMapper for getting topology information
26/10/03 09:53:37 INFO BlockManagerMasterEndpoint: BlockManagerMasterEndpoint up
26/10/03 09:53:37 INFO SparkEnv: Registering BlockManagerMasterHeartbeat
26/10/03 09:53:37 INFO DiskBlockManager: Created local directory at /tmp/blockmgr-e3cacd6b-b085-4a99-ac31-6669ab23715f
26/10/03 09:53:37 INFO MemoryStore: MemoryStore started with capacity 1048.8 MiB
26/10/03 09:53:37 INFO SparkEnv: Registering OutputCommitCoordinator
26/10/03 09:53:37 INFO JettyUtils: Start Jetty 0.0.0.0:4040 for SparkUI
26/10/03 09:53:37 INFO Utils: Successfully started service 'SparkUI' on port 4040.
26/10/03 09:53:37 INFO SparkContext: Added JAR file:///opt/spark/iceberg-jars/iceberg-spark-runtime-3.5_2.12-1.7.1.jar at spark://ae94b550aaa6:41773/jars/iceberg-spark-runtime-3.5_2.12-1.7.1.jar with timestamp 1791021217442
26/10/03 09:53:37 INFO SparkContext: Added JAR file:///opt/spark/iceberg-jars/iceberg-aws-bundle-1.7.1.jar at spark://ae94b550aaa6:41773/jars/iceberg-aws-bundle-1.7.1.jar with timestamp 1791021217442
26/10/03 09:53:37 INFO Executor: Starting executor ID driver on host ae94b550aaa6
26/10/03 09:53:37 INFO Executor: OS info Linux, 6.18.33.2-microsoft-standard-WSL2, amd64
26/10/03 09:53:37 INFO Executor: Java version 11.0.24
26/10/03 09:53:37 INFO Executor: Starting executor with user classpath (userClassPathFirst = false): ''
26/10/03 09:53:37 INFO Executor: Created or updated repl class loader org.apache.spark.util.MutableURLClassLoader@3c5f1d68 for default.
26/10/03 09:53:37 INFO Executor: Fetching spark://ae94b550aaa6:41773/jars/iceberg-spark-runtime-3.5_2.12-1.7.1.jar with timestamp 1791021217442
26/10/03 09:53:37 INFO TransportClientFactory: Successfully created connection to ae94b550aaa6/172.17.0.7:41773 after 19 ms (0 ms spent in bootstraps)
26/10/03 09:53:37 INFO Utils: Fetching spark://ae94b550aaa6:41773/jars/iceberg-spark-runtime-3.5_2.12-1.7.1.jar to /tmp/spark-e50cad6a-e060-4253-a14d-759c39c84448/userFiles-036f9ff2-ffc1-4aaa-abd7-01369ff43da0/fetchFileTemp985982532208546660.tmp
26/10/03 09:53:38 INFO Executor: Adding file:/tmp/spark-e50cad6a-e060-4253-a14d-759c39c84448/userFiles-036f9ff2-ffc1-4aaa-abd7-01369ff43da0/iceberg-spark-runtime-3.5_2.12-1.7.1.jar to class loader default
26/10/03 09:53:38 INFO Executor: Fetching spark://ae94b550aaa6:41773/jars/iceberg-aws-bundle-1.7.1.jar with timestamp 1791021217442
26/10/03 09:53:38 INFO Utils: Fetching spark://ae94b550aaa6:41773/jars/iceberg-aws-bundle-1.7.1.jar to /tmp/spark-e50cad6a-e060-4253-a14d-759c39c84448/userFiles-036f9ff2-ffc1-4aaa-abd7-01369ff43da0/fetchFileTemp1271528443948608901.tmp
26/10/03 09:53:38 INFO Executor: Adding file:/tmp/spark-e50cad6a-e060-4253-a14d-759c39c84448/userFiles-036f9ff2-ffc1-4aaa-abd7-01369ff43da0/iceberg-aws-bundle-1.7.1.jar to class loader default
26/10/03 09:53:38 INFO Utils: Successfully started service 'org.apache.spark.network.netty.NettyBlockTransferService' on port 43503.
26/10/03 09:53:38 INFO NettyBlockTransferService: Server created on ae94b550aaa6:43503
26/10/03 09:53:38 INFO BlockManager: Using org.apache.spark.storage.RandomBlockReplicationPolicy for block replication policy
26/10/03 09:53:38 INFO BlockManagerMaster: Registering BlockManager BlockManagerId(driver, ae94b550aaa6, 43503, None)
26/10/03 09:53:38 INFO BlockManagerMasterEndpoint: Registering block manager ae94b550aaa6:43503 with 1048.8 MiB RAM, BlockManagerId(driver, ae94b550aaa6, 43503, None)
26/10/03 09:53:38 INFO BlockManagerMaster: Registered BlockManager BlockManagerId(driver, ae94b550aaa6, 43503, None)
26/10/03 09:53:38 INFO BlockManager: Initialized BlockManager: BlockManagerId(driver, ae94b550aaa6, 43503, None)
26/10/03 09:53:38 INFO SharedState: Setting hive.metastore.warehouse.dir ('null') to the value of spark.sql.warehouse.dir.
26/10/03 09:53:38 INFO SharedState: Warehouse path is 'file:/opt/spark/work-dir/spark-warehouse'.
26/10/03 09:53:40 INFO CatalogUtil: Loading custom FileIO implementation: org.apache.iceberg.aws.s3.S3FileIO
26/10/03 09:53:41 INFO CodeGenerator: Code generated in 108.133303 ms
26/10/03 09:53:41 INFO CodeGenerator: Code generated in 5.66458 ms
26/10/03 09:53:41 INFO CodeGenerator: Code generated in 6.285882 ms
+---------+---------+-----------+
|namespace|tableName|isTemporary|
+---------+---------+-----------+
|v3_bronze|customer |false      |
|v3_bronze|orders   |false      |
|v3_bronze|lineitem |false      |
+---------+---------+-----------+

26/10/03 09:53:41 INFO CatalogUtil: Loading custom FileIO implementation: org.apache.iceberg.aws.s3.S3FileIO
26/10/03 09:53:41 INFO SnapshotScan: Scanning table bench.v3_bronze.customer snapshot 4064868901469114515 created at 2026-10-03T09:47:45.556+00:00 with filter true
26/10/03 09:53:42 INFO BaseDistributedDataScan: Planning file tasks locally for table bench.v3_bronze.customer
26/10/03 09:53:42 INFO LoggingMetricsReporter: Received metrics report: ScanReport{tableName=bench.v3_bronze.customer, snapshotId=4064868901469114515, filter=true, schemaId=0, projectedFieldIds=[1, 2], projectedFieldNames=[custkey, name], scanMetrics=ScanMetricsResult{totalPlanningDuration=TimerResult{timeUnit=NANOSECONDS, totalDuration=PT1.189350126S, count=1}, resultDataFiles=CounterResult{unit=COUNT, value=1}, resultDeleteFiles=CounterResult{unit=COUNT, value=0}, totalDataManifests=CounterResult{unit=COUNT, value=1}, totalDeleteManifests=CounterResult{unit=COUNT, value=0}, scannedDataManifests=CounterResult{unit=COUNT, value=1}, skippedDataManifests=CounterResult{unit=COUNT, value=0}, totalFileSizeInBytes=CounterResult{unit=BYTES, value=1149239}, totalDeleteFileSizeInBytes=CounterResult{unit=BYTES, value=0}, skippedDataFiles=CounterResult{unit=COUNT, value=0}, skippedDeleteFiles=CounterResult{unit=COUNT, value=0}, scannedDeleteManifests=CounterResult{unit=COUNT, value=0}, skippedDeleteManifests=CounterResult{unit=COUNT, value=0}, indexedDeleteFiles=CounterResult{unit=COUNT, value=0}, equalityDeleteFiles=CounterResult{unit=COUNT, value=0}, positionalDeleteFiles=CounterResult{unit=COUNT, value=0}}, metadata={engine-version=3.5.3, iceberg-version=Apache Iceberg 1.7.1 (commit 4a432839233f2343a9eae8255532f911f06358ef), app-id=local-1791021217916, engine-name=spark}}
26/10/03 09:53:42 INFO V2ScanRelationPushDown: 
Pushing operators to bench.v3_bronze.customer
Pushed Aggregate Functions:
 COUNT(*)
Pushed Group by:
 
         
26/10/03 09:53:43 INFO CodeGenerator: Code generated in 11.522406 ms
26/10/03 09:53:43 INFO CodeGenerator: Code generated in 4.456905 ms
26/10/03 09:53:43 INFO DAGScheduler: Registering RDD 2 (count at <unknown>:0) as input to shuffle 0
26/10/03 09:53:43 INFO DAGScheduler: Got map stage job 0 (count at <unknown>:0) with 1 output partitions
26/10/03 09:53:43 INFO DAGScheduler: Final stage: ShuffleMapStage 0 (count at <unknown>:0)
26/10/03 09:53:43 INFO DAGScheduler: Parents of final stage: List()
26/10/03 09:53:43 INFO DAGScheduler: Missing parents: List()
26/10/03 09:53:43 INFO DAGScheduler: Submitting ShuffleMapStage 0 (MapPartitionsRDD[2] at count at <unknown>:0), which has no missing parents
26/10/03 09:53:43 INFO MemoryStore: Block broadcast_0 stored as values in memory (estimated size 12.6 KiB, free 1048.8 MiB)
26/10/03 09:53:43 INFO MemoryStore: Block broadcast_0_piece0 stored as bytes in memory (estimated size 6.2 KiB, free 1048.8 MiB)
26/10/03 09:53:43 INFO BlockManagerInfo: Added broadcast_0_piece0 in memory on ae94b550aaa6:43503 (size: 6.2 KiB, free: 1048.8 MiB)
26/10/03 09:53:43 INFO SparkContext: Created broadcast 0 from broadcast at DAGScheduler.scala:1585
26/10/03 09:53:43 INFO DAGScheduler: Submitting 1 missing tasks from ShuffleMapStage 0 (MapPartitionsRDD[2] at count at <unknown>:0) (first 15 tasks are for partitions Vector(0))
26/10/03 09:53:43 INFO TaskSchedulerImpl: Adding task set 0.0 with 1 tasks resource profile 0
26/10/03 09:53:43 INFO TaskSetManager: Starting task 0.0 in stage 0.0 (TID 0) (ae94b550aaa6, executor driver, partition 0, PROCESS_LOCAL, 9462 bytes) 
26/10/03 09:53:43 INFO Executor: Running task 0.0 in stage 0.0 (TID 0)
26/10/03 09:53:43 INFO CodeGenerator: Code generated in 26.340993 ms
26/10/03 09:53:43 INFO Executor: Finished task 0.0 in stage 0.0 (TID 0). 1885 bytes result sent to driver
26/10/03 09:53:43 INFO TaskSetManager: Finished task 0.0 in stage 0.0 (TID 0) in 110 ms on ae94b550aaa6 (executor driver) (1/1)
26/10/03 09:53:43 INFO TaskSchedulerImpl: Removed TaskSet 0.0, whose tasks have all completed, from pool 
26/10/03 09:53:43 INFO DAGScheduler: ShuffleMapStage 0 (count at <unknown>:0) finished in 0.219 s
26/10/03 09:53:43 INFO DAGScheduler: looking for newly runnable stages
26/10/03 09:53:43 INFO DAGScheduler: running: Set()
26/10/03 09:53:43 INFO DAGScheduler: waiting: Set()
26/10/03 09:53:43 INFO DAGScheduler: failed: Set()
26/10/03 09:53:43 INFO CodeGenerator: Code generated in 6.248542 ms
26/10/03 09:53:43 INFO SparkContext: Starting job: count at <unknown>:0
26/10/03 09:53:43 INFO DAGScheduler: Got job 1 (count at <unknown>:0) with 1 output partitions
26/10/03 09:53:43 INFO DAGScheduler: Final stage: ResultStage 2 (count at <unknown>:0)
26/10/03 09:53:43 INFO DAGScheduler: Parents of final stage: List(ShuffleMapStage 1)
26/10/03 09:53:43 INFO DAGScheduler: Missing parents: List()
26/10/03 09:53:43 INFO DAGScheduler: Submitting ResultStage 2 (MapPartitionsRDD[5] at count at <unknown>:0), which has no missing parents
26/10/03 09:53:43 INFO MemoryStore: Block broadcast_1 stored as values in memory (estimated size 13.7 KiB, free 1048.8 MiB)
26/10/03 09:53:43 INFO MemoryStore: Block broadcast_1_piece0 stored as bytes in memory (estimated size 6.3 KiB, free 1048.8 MiB)
26/10/03 09:53:43 INFO BlockManagerInfo: Added broadcast_1_piece0 in memory on ae94b550aaa6:43503 (size: 6.3 KiB, free: 1048.8 MiB)
26/10/03 09:53:43 INFO SparkContext: Created broadcast 1 from broadcast at DAGScheduler.scala:1585
26/10/03 09:53:43 INFO DAGScheduler: Submitting 1 missing tasks from ResultStage 2 (MapPartitionsRDD[5] at count at <unknown>:0) (first 15 tasks are for partitions Vector(0))
26/10/03 09:53:43 INFO TaskSchedulerImpl: Adding task set 2.0 with 1 tasks resource profile 0
26/10/03 09:53:43 INFO TaskSetManager: Starting task 0.0 in stage 2.0 (TID 1) (ae94b550aaa6, executor driver, partition 0, NODE_LOCAL, 9301 bytes) 
26/10/03 09:53:43 INFO Executor: Running task 0.0 in stage 2.0 (TID 1)
26/10/03 09:53:43 INFO ShuffleBlockFetcherIterator: Getting 1 (60.0 B) non-empty blocks including 1 (60.0 B) local and 0 (0.0 B) host-local and 0 (0.0 B) push-merged-local and 0 (0.0 B) remote blocks
26/10/03 09:53:43 INFO ShuffleBlockFetcherIterator: Started 0 remote fetches in 5 ms
26/10/03 09:53:43 INFO CodeGenerator: Code generated in 6.414467 ms
26/10/03 09:53:43 INFO Executor: Finished task 0.0 in stage 2.0 (TID 1). 4038 bytes result sent to driver
26/10/03 09:53:43 INFO TaskSetManager: Finished task 0.0 in stage 2.0 (TID 1) in 49 ms on ae94b550aaa6 (executor driver) (1/1)
26/10/03 09:53:43 INFO TaskSchedulerImpl: Removed TaskSet 2.0, whose tasks have all completed, from pool 
26/10/03 09:53:43 INFO DAGScheduler: ResultStage 2 (count at <unknown>:0) finished in 0.061 s
26/10/03 09:53:43 INFO DAGScheduler: Job 1 is finished. Cancelling potential speculative or zombie tasks for this job
26/10/03 09:53:43 INFO TaskSchedulerImpl: Killing all running tasks in stage 2: Stage finished
26/10/03 09:53:43 INFO DAGScheduler: Job 1 finished: count at <unknown>:0, took 0.070829 s
BRONZE customer: 750000 rows
26/10/03 09:53:43 INFO CatalogUtil: Loading custom FileIO implementation: org.apache.iceberg.aws.s3.S3FileIO
26/10/03 09:53:43 INFO SnapshotScan: Scanning table bench.v3_bronze.orders snapshot 6992794920736109772 created at 2026-10-03T09:47:48.397+00:00 with filter true
26/10/03 09:53:43 INFO BaseDistributedDataScan: Planning file tasks locally for table bench.v3_bronze.orders
26/10/03 09:53:43 INFO LoggingMetricsReporter: Received metrics report: ScanReport{tableName=bench.v3_bronze.orders, snapshotId=6992794920736109772, filter=true, schemaId=0, projectedFieldIds=[1, 2, 3, 4], projectedFieldNames=[orderkey, custkey, orderdate, totalprice], scanMetrics=ScanMetricsResult{totalPlanningDuration=TimerResult{timeUnit=NANOSECONDS, totalDuration=PT0.041439399S, count=1}, resultDataFiles=CounterResult{unit=COUNT, value=2}, resultDeleteFiles=CounterResult{unit=COUNT, value=0}, totalDataManifests=CounterResult{unit=COUNT, value=1}, totalDeleteManifests=CounterResult{unit=COUNT, value=0}, scannedDataManifests=CounterResult{unit=COUNT, value=1}, skippedDataManifests=CounterResult{unit=COUNT, value=0}, totalFileSizeInBytes=CounterResult{unit=BYTES, value=74608310}, totalDeleteFileSizeInBytes=CounterResult{unit=BYTES, value=0}, skippedDataFiles=CounterResult{unit=COUNT, value=0}, skippedDeleteFiles=CounterResult{unit=COUNT, value=0}, scannedDeleteManifests=CounterResult{unit=COUNT, value=0}, skippedDeleteManifests=CounterResult{unit=COUNT, value=0}, indexedDeleteFiles=CounterResult{unit=COUNT, value=0}, equalityDeleteFiles=CounterResult{unit=COUNT, value=0}, positionalDeleteFiles=CounterResult{unit=COUNT, value=0}}, metadata={engine-version=3.5.3, iceberg-version=Apache Iceberg 1.7.1 (commit 4a432839233f2343a9eae8255532f911f06358ef), app-id=local-1791021217916, engine-name=spark}}
26/10/03 09:53:43 INFO V2ScanRelationPushDown: 
Pushing operators to bench.v3_bronze.orders
Pushed Aggregate Functions:
 COUNT(*)
Pushed Group by:
 
         
26/10/03 09:53:43 INFO DAGScheduler: Registering RDD 8 (count at <unknown>:0) as input to shuffle 1
26/10/03 09:53:43 INFO DAGScheduler: Got map stage job 2 (count at <unknown>:0) with 1 output partitions
26/10/03 09:53:43 INFO DAGScheduler: Final stage: ShuffleMapStage 3 (count at <unknown>:0)
26/10/03 09:53:43 INFO DAGScheduler: Parents of final stage: List()
26/10/03 09:53:43 INFO DAGScheduler: Missing parents: List()
26/10/03 09:53:43 INFO DAGScheduler: Submitting ShuffleMapStage 3 (MapPartitionsRDD[8] at count at <unknown>:0), which has no missing parents
26/10/03 09:53:43 INFO MemoryStore: Block broadcast_2 stored as values in memory (estimated size 12.6 KiB, free 1048.7 MiB)
26/10/03 09:53:43 INFO MemoryStore: Block broadcast_2_piece0 stored as bytes in memory (estimated size 6.2 KiB, free 1048.7 MiB)
26/10/03 09:53:43 INFO BlockManagerInfo: Added broadcast_2_piece0 in memory on ae94b550aaa6:43503 (size: 6.2 KiB, free: 1048.8 MiB)
26/10/03 09:53:43 INFO SparkContext: Created broadcast 2 from broadcast at DAGScheduler.scala:1585
26/10/03 09:53:43 INFO DAGScheduler: Submitting 1 missing tasks from ShuffleMapStage 3 (MapPartitionsRDD[8] at count at <unknown>:0) (first 15 tasks are for partitions Vector(0))
26/10/03 09:53:43 INFO TaskSchedulerImpl: Adding task set 3.0 with 1 tasks resource profile 0
26/10/03 09:53:43 INFO TaskSetManager: Starting task 0.0 in stage 3.0 (TID 2) (ae94b550aaa6, executor driver, partition 0, PROCESS_LOCAL, 9462 bytes) 
26/10/03 09:53:43 INFO Executor: Running task 0.0 in stage 3.0 (TID 2)
26/10/03 09:53:43 INFO Executor: Finished task 0.0 in stage 3.0 (TID 2). 1885 bytes result sent to driver
26/10/03 09:53:43 INFO TaskSetManager: Finished task 0.0 in stage 3.0 (TID 2) in 10 ms on ae94b550aaa6 (executor driver) (1/1)
26/10/03 09:53:43 INFO TaskSchedulerImpl: Removed TaskSet 3.0, whose tasks have all completed, from pool 
26/10/03 09:53:43 INFO DAGScheduler: ShuffleMapStage 3 (count at <unknown>:0) finished in 0.019 s
26/10/03 09:53:43 INFO DAGScheduler: looking for newly runnable stages
26/10/03 09:53:43 INFO DAGScheduler: running: Set()
26/10/03 09:53:43 INFO DAGScheduler: waiting: Set()
26/10/03 09:53:43 INFO DAGScheduler: failed: Set()
26/10/03 09:53:43 INFO SparkContext: Starting job: count at <unknown>:0
26/10/03 09:53:43 INFO DAGScheduler: Got job 3 (count at <unknown>:0) with 1 output partitions
26/10/03 09:53:43 INFO DAGScheduler: Final stage: ResultStage 5 (count at <unknown>:0)
26/10/03 09:53:43 INFO DAGScheduler: Parents of final stage: List(ShuffleMapStage 4)
26/10/03 09:53:43 INFO DAGScheduler: Missing parents: List()
26/10/03 09:53:43 INFO DAGScheduler: Submitting ResultStage 5 (MapPartitionsRDD[11] at count at <unknown>:0), which has no missing parents
26/10/03 09:53:43 INFO MemoryStore: Block broadcast_3 stored as values in memory (estimated size 13.7 KiB, free 1048.7 MiB)
26/10/03 09:53:43 INFO MemoryStore: Block broadcast_3_piece0 stored as bytes in memory (estimated size 6.3 KiB, free 1048.7 MiB)
26/10/03 09:53:43 INFO BlockManagerInfo: Added broadcast_3_piece0 in memory on ae94b550aaa6:43503 (size: 6.3 KiB, free: 1048.8 MiB)
26/10/03 09:53:43 INFO SparkContext: Created broadcast 3 from broadcast at DAGScheduler.scala:1585
26/10/03 09:53:43 INFO DAGScheduler: Submitting 1 missing tasks from ResultStage 5 (MapPartitionsRDD[11] at count at <unknown>:0) (first 15 tasks are for partitions Vector(0))
26/10/03 09:53:43 INFO TaskSchedulerImpl: Adding task set 5.0 with 1 tasks resource profile 0
26/10/03 09:53:43 INFO TaskSetManager: Starting task 0.0 in stage 5.0 (TID 3) (ae94b550aaa6, executor driver, partition 0, NODE_LOCAL, 9301 bytes) 
26/10/03 09:53:43 INFO Executor: Running task 0.0 in stage 5.0 (TID 3)
26/10/03 09:53:43 INFO ShuffleBlockFetcherIterator: Getting 1 (60.0 B) non-empty blocks including 1 (60.0 B) local and 0 (0.0 B) host-local and 0 (0.0 B) push-merged-local and 0 (0.0 B) remote blocks
26/10/03 09:53:43 INFO ShuffleBlockFetcherIterator: Started 0 remote fetches in 0 ms
26/10/03 09:53:43 INFO Executor: Finished task 0.0 in stage 5.0 (TID 3). 3995 bytes result sent to driver
26/10/03 09:53:43 INFO TaskSetManager: Finished task 0.0 in stage 5.0 (TID 3) in 10 ms on ae94b550aaa6 (executor driver) (1/1)
26/10/03 09:53:43 INFO TaskSchedulerImpl: Removed TaskSet 5.0, whose tasks have all completed, from pool 
26/10/03 09:53:43 INFO DAGScheduler: ResultStage 5 (count at <unknown>:0) finished in 0.019 s
26/10/03 09:53:43 INFO DAGScheduler: Job 3 is finished. Cancelling potential speculative or zombie tasks for this job
26/10/03 09:53:43 INFO TaskSchedulerImpl: Killing all running tasks in stage 5: Stage finished
26/10/03 09:53:43 INFO DAGScheduler: Job 3 finished: count at <unknown>:0, took 0.021947 s
BRONZE orders: 7500000 rows
26/10/03 09:53:43 INFO CatalogUtil: Loading custom FileIO implementation: org.apache.iceberg.aws.s3.S3FileIO
26/10/03 09:53:43 INFO SnapshotScan: Scanning table bench.v3_bronze.lineitem snapshot 2660347703052722521 created at 2026-10-03T09:47:51.230+00:00 with filter true
26/10/03 09:53:43 INFO BaseDistributedDataScan: Planning file tasks locally for table bench.v3_bronze.lineitem
26/10/03 09:53:43 INFO LoggingMetricsReporter: Received metrics report: ScanReport{tableName=bench.v3_bronze.lineitem, snapshotId=2660347703052722521, filter=true, schemaId=0, projectedFieldIds=[1, 2], projectedFieldNames=[orderkey, quantity], scanMetrics=ScanMetricsResult{totalPlanningDuration=TimerResult{timeUnit=NANOSECONDS, totalDuration=PT0.035435732S, count=1}, resultDataFiles=CounterResult{unit=COUNT, value=5}, resultDeleteFiles=CounterResult{unit=COUNT, value=0}, totalDataManifests=CounterResult{unit=COUNT, value=1}, totalDeleteManifests=CounterResult{unit=COUNT, value=0}, scannedDataManifests=CounterResult{unit=COUNT, value=1}, skippedDataManifests=CounterResult{unit=COUNT, value=0}, totalFileSizeInBytes=CounterResult{unit=BYTES, value=35299592}, totalDeleteFileSizeInBytes=CounterResult{unit=BYTES, value=0}, skippedDataFiles=CounterResult{unit=COUNT, value=0}, skippedDeleteFiles=CounterResult{unit=COUNT, value=0}, scannedDeleteManifests=CounterResult{unit=COUNT, value=0}, skippedDeleteManifests=CounterResult{unit=COUNT, value=0}, indexedDeleteFiles=CounterResult{unit=COUNT, value=0}, equalityDeleteFiles=CounterResult{unit=COUNT, value=0}, positionalDeleteFiles=CounterResult{unit=COUNT, value=0}}, metadata={engine-version=3.5.3, iceberg-version=Apache Iceberg 1.7.1 (commit 4a432839233f2343a9eae8255532f911f06358ef), app-id=local-1791021217916, engine-name=spark}}
26/10/03 09:53:43 INFO V2ScanRelationPushDown: 
Pushing operators to bench.v3_bronze.lineitem
Pushed Aggregate Functions:
 COUNT(*)
Pushed Group by:
 
         
26/10/03 09:53:43 INFO DAGScheduler: Registering RDD 14 (count at <unknown>:0) as input to shuffle 2
26/10/03 09:53:43 INFO DAGScheduler: Got map stage job 4 (count at <unknown>:0) with 1 output partitions
26/10/03 09:53:43 INFO DAGScheduler: Final stage: ShuffleMapStage 6 (count at <unknown>:0)
26/10/03 09:53:43 INFO DAGScheduler: Parents of final stage: List()
26/10/03 09:53:43 INFO DAGScheduler: Missing parents: List()
26/10/03 09:53:43 INFO DAGScheduler: Submitting ShuffleMapStage 6 (MapPartitionsRDD[14] at count at <unknown>:0), which has no missing parents
26/10/03 09:53:43 INFO MemoryStore: Block broadcast_4 stored as values in memory (estimated size 12.6 KiB, free 1048.7 MiB)
26/10/03 09:53:43 INFO MemoryStore: Block broadcast_4_piece0 stored as bytes in memory (estimated size 6.2 KiB, free 1048.7 MiB)
26/10/03 09:53:43 INFO BlockManagerInfo: Added broadcast_4_piece0 in memory on ae94b550aaa6:43503 (size: 6.2 KiB, free: 1048.8 MiB)
26/10/03 09:53:43 INFO SparkContext: Created broadcast 4 from broadcast at DAGScheduler.scala:1585
26/10/03 09:53:43 INFO DAGScheduler: Submitting 1 missing tasks from ShuffleMapStage 6 (MapPartitionsRDD[14] at count at <unknown>:0) (first 15 tasks are for partitions Vector(0))
26/10/03 09:53:43 INFO TaskSchedulerImpl: Adding task set 6.0 with 1 tasks resource profile 0
26/10/03 09:53:43 INFO TaskSetManager: Starting task 0.0 in stage 6.0 (TID 4) (ae94b550aaa6, executor driver, partition 0, PROCESS_LOCAL, 9462 bytes) 
26/10/03 09:53:43 INFO Executor: Running task 0.0 in stage 6.0 (TID 4)
26/10/03 09:53:43 INFO Executor: Finished task 0.0 in stage 6.0 (TID 4). 1842 bytes result sent to driver
26/10/03 09:53:43 INFO TaskSetManager: Finished task 0.0 in stage 6.0 (TID 4) in 6 ms on ae94b550aaa6 (executor driver) (1/1)
26/10/03 09:53:43 INFO TaskSchedulerImpl: Removed TaskSet 6.0, whose tasks have all completed, from pool 
26/10/03 09:53:43 INFO DAGScheduler: ShuffleMapStage 6 (count at <unknown>:0) finished in 0.012 s
26/10/03 09:53:43 INFO DAGScheduler: looking for newly runnable stages
26/10/03 09:53:43 INFO DAGScheduler: running: Set()
26/10/03 09:53:43 INFO DAGScheduler: waiting: Set()
26/10/03 09:53:43 INFO DAGScheduler: failed: Set()
26/10/03 09:53:43 INFO SparkContext: Starting job: count at <unknown>:0
26/10/03 09:53:43 INFO DAGScheduler: Got job 5 (count at <unknown>:0) with 1 output partitions
26/10/03 09:53:43 INFO DAGScheduler: Final stage: ResultStage 8 (count at <unknown>:0)
26/10/03 09:53:43 INFO DAGScheduler: Parents of final stage: List(ShuffleMapStage 7)
26/10/03 09:53:43 INFO DAGScheduler: Missing parents: List()
26/10/03 09:53:43 INFO DAGScheduler: Submitting ResultStage 8 (MapPartitionsRDD[17] at count at <unknown>:0), which has no missing parents
26/10/03 09:53:43 INFO MemoryStore: Block broadcast_5 stored as values in memory (estimated size 13.7 KiB, free 1048.7 MiB)
26/10/03 09:53:43 INFO MemoryStore: Block broadcast_5_piece0 stored as bytes in memory (estimated size 6.3 KiB, free 1048.7 MiB)
26/10/03 09:53:43 INFO BlockManagerInfo: Added broadcast_5_piece0 in memory on ae94b550aaa6:43503 (size: 6.3 KiB, free: 1048.8 MiB)
26/10/03 09:53:43 INFO SparkContext: Created broadcast 5 from broadcast at DAGScheduler.scala:1585
26/10/03 09:53:43 INFO DAGScheduler: Submitting 1 missing tasks from ResultStage 8 (MapPartitionsRDD[17] at count at <unknown>:0) (first 15 tasks are for partitions Vector(0))
26/10/03 09:53:43 INFO TaskSchedulerImpl: Adding task set 8.0 with 1 tasks resource profile 0
26/10/03 09:53:43 INFO TaskSetManager: Starting task 0.0 in stage 8.0 (TID 5) (ae94b550aaa6, executor driver, partition 0, NODE_LOCAL, 9301 bytes) 
26/10/03 09:53:43 INFO Executor: Running task 0.0 in stage 8.0 (TID 5)
26/10/03 09:53:43 INFO ShuffleBlockFetcherIterator: Getting 1 (60.0 B) non-empty blocks including 1 (60.0 B) local and 0 (0.0 B) host-local and 0 (0.0 B) push-merged-local and 0 (0.0 B) remote blocks
26/10/03 09:53:43 INFO ShuffleBlockFetcherIterator: Started 0 remote fetches in 0 ms
26/10/03 09:53:43 INFO Executor: Finished task 0.0 in stage 8.0 (TID 5). 3995 bytes result sent to driver
26/10/03 09:53:43 INFO TaskSetManager: Finished task 0.0 in stage 8.0 (TID 5) in 6 ms on ae94b550aaa6 (executor driver) (1/1)
26/10/03 09:53:43 INFO TaskSchedulerImpl: Removed TaskSet 8.0, whose tasks have all completed, from pool 
26/10/03 09:53:43 INFO DAGScheduler: ResultStage 8 (count at <unknown>:0) finished in 0.011 s
26/10/03 09:53:43 INFO DAGScheduler: Job 5 is finished. Cancelling potential speculative or zombie tasks for this job
26/10/03 09:53:43 INFO TaskSchedulerImpl: Killing all running tasks in stage 8: Stage finished
26/10/03 09:53:43 INFO DAGScheduler: Job 5 finished: count at <unknown>:0, took 0.013378 s
BRONZE lineitem: 29999795 rows
26/10/03 09:53:43 INFO BlockManagerInfo: Removed broadcast_5_piece0 on ae94b550aaa6:43503 in memory (size: 6.3 KiB, free: 1048.8 MiB)
26/10/03 09:53:43 INFO BlockManagerInfo: Removed broadcast_1_piece0 on ae94b550aaa6:43503 in memory (size: 6.3 KiB, free: 1048.8 MiB)
26/10/03 09:53:43 INFO BlockManagerInfo: Removed broadcast_2_piece0 on ae94b550aaa6:43503 in memory (size: 6.2 KiB, free: 1048.8 MiB)
26/10/03 09:53:43 INFO BlockManagerInfo: Removed broadcast_3_piece0 on ae94b550aaa6:43503 in memory (size: 6.3 KiB, free: 1048.8 MiB)
26/10/03 09:53:43 INFO BlockManagerInfo: Removed broadcast_4_piece0 on ae94b550aaa6:43503 in memory (size: 6.2 KiB, free: 1048.8 MiB)
26/10/03 09:53:43 INFO BlockManagerInfo: Removed broadcast_0_piece0 on ae94b550aaa6:43503 in memory (size: 6.2 KiB, free: 1048.8 MiB)
26/10/03 09:53:44 INFO SparkScanBuilder: Skipping aggregate pushdown: group by aggregation push down is not supported
26/10/03 09:53:44 INFO V2ScanRelationPushDown: 
Output: orderkey#87L, quantity#88
         
26/10/03 09:53:44 INFO SnapshotScan: Scanning table bench.v3_bronze.lineitem snapshot 2660347703052722521 created at 2026-10-03T09:47:51.230+00:00 with filter true
26/10/03 09:53:44 INFO BaseDistributedDataScan: Planning file tasks locally for table bench.v3_bronze.lineitem
26/10/03 09:53:44 INFO LoggingMetricsReporter: Received metrics report: ScanReport{tableName=bench.v3_bronze.lineitem, snapshotId=2660347703052722521, filter=true, schemaId=0, projectedFieldIds=[1, 2], projectedFieldNames=[orderkey, quantity], scanMetrics=ScanMetricsResult{totalPlanningDuration=TimerResult{timeUnit=NANOSECONDS, totalDuration=PT0.011821246S, count=1}, resultDataFiles=CounterResult{unit=COUNT, value=5}, resultDeleteFiles=CounterResult{unit=COUNT, value=0}, totalDataManifests=CounterResult{unit=COUNT, value=1}, totalDeleteManifests=CounterResult{unit=COUNT, value=0}, scannedDataManifests=CounterResult{unit=COUNT, value=1}, skippedDataManifests=CounterResult{unit=COUNT, value=0}, totalFileSizeInBytes=CounterResult{unit=BYTES, value=35299592}, totalDeleteFileSizeInBytes=CounterResult{unit=BYTES, value=0}, skippedDataFiles=CounterResult{unit=COUNT, value=0}, skippedDeleteFiles=CounterResult{unit=COUNT, value=0}, scannedDeleteManifests=CounterResult{unit=COUNT, value=0}, skippedDeleteManifests=CounterResult{unit=COUNT, value=0}, indexedDeleteFiles=CounterResult{unit=COUNT, value=0}, equalityDeleteFiles=CounterResult{unit=COUNT, value=0}, positionalDeleteFiles=CounterResult{unit=COUNT, value=0}}, metadata={engine-version=3.5.3, iceberg-version=Apache Iceberg 1.7.1 (commit 4a432839233f2343a9eae8255532f911f06358ef), app-id=local-1791021217916, engine-name=spark}}
26/10/03 09:53:44 INFO SparkPartitioningAwareScan: Reporting UnknownPartitioning with 3 partition(s) for table bench.v3_bronze.lineitem
26/10/03 09:53:44 INFO V2ScanRelationPushDown: 
Pushing operators to bench.v3_bronze.customer
Pushed Filters: custkey IS NOT NULL
Post-Scan Filters: isnotnull(custkey#79L)
         
26/10/03 09:53:44 INFO V2ScanRelationPushDown: 
Pushing operators to bench.v3_bronze.orders
Pushed Filters: custkey IS NOT NULL, orderkey IS NOT NULL
Post-Scan Filters: isnotnull(custkey#82L),isnotnull(orderkey#81L),orderkey#81L IN (list#78 [])
         
26/10/03 09:53:44 INFO V2ScanRelationPushDown: 
Pushing operators to bench.v3_bronze.lineitem
Pushed Filters: orderkey IS NOT NULL
Post-Scan Filters: isnotnull(orderkey#85L),orderkey#85L IN (list#78 [])
         
26/10/03 09:53:44 INFO V2ScanRelationPushDown: 
Output: custkey#79L, name#80
         
26/10/03 09:53:44 INFO V2ScanRelationPushDown: 
Output: orderkey#81L, custkey#82L, orderdate#83, totalprice#84
         
26/10/03 09:53:44 INFO V2ScanRelationPushDown: 
Output: orderkey#85L, quantity#86
         
26/10/03 09:53:44 INFO SnapshotScan: Scanning table bench.v3_bronze.customer snapshot 4064868901469114515 created at 2026-10-03T09:47:45.556+00:00 with filter custkey IS NOT NULL
26/10/03 09:53:44 INFO BaseDistributedDataScan: Planning file tasks locally for table bench.v3_bronze.customer
26/10/03 09:53:44 INFO LoggingMetricsReporter: Received metrics report: ScanReport{tableName=bench.v3_bronze.customer, snapshotId=4064868901469114515, filter=not_null(ref(name="custkey")), schemaId=0, projectedFieldIds=[1, 2], projectedFieldNames=[custkey, name], scanMetrics=ScanMetricsResult{totalPlanningDuration=TimerResult{timeUnit=NANOSECONDS, totalDuration=PT0.024894002S, count=1}, resultDataFiles=CounterResult{unit=COUNT, value=1}, resultDeleteFiles=CounterResult{unit=COUNT, value=0}, totalDataManifests=CounterResult{unit=COUNT, value=1}, totalDeleteManifests=CounterResult{unit=COUNT, value=0}, scannedDataManifests=CounterResult{unit=COUNT, value=1}, skippedDataManifests=CounterResult{unit=COUNT, value=0}, totalFileSizeInBytes=CounterResult{unit=BYTES, value=1149239}, totalDeleteFileSizeInBytes=CounterResult{unit=BYTES, value=0}, skippedDataFiles=CounterResult{unit=COUNT, value=0}, skippedDeleteFiles=CounterResult{unit=COUNT, value=0}, scannedDeleteManifests=CounterResult{unit=COUNT, value=0}, skippedDeleteManifests=CounterResult{unit=COUNT, value=0}, indexedDeleteFiles=CounterResult{unit=COUNT, value=0}, equalityDeleteFiles=CounterResult{unit=COUNT, value=0}, positionalDeleteFiles=CounterResult{unit=COUNT, value=0}}, metadata={engine-version=3.5.3, iceberg-version=Apache Iceberg 1.7.1 (commit 4a432839233f2343a9eae8255532f911f06358ef), app-id=local-1791021217916, engine-name=spark}}
26/10/03 09:53:44 INFO SparkPartitioningAwareScan: Reporting UnknownPartitioning with 1 partition(s) for table bench.v3_bronze.customer
26/10/03 09:53:44 INFO SnapshotScan: Scanning table bench.v3_bronze.orders snapshot 6992794920736109772 created at 2026-10-03T09:47:48.397+00:00 with filter (custkey IS NOT NULL AND orderkey IS NOT NULL)
26/10/03 09:53:44 INFO BaseDistributedDataScan: Planning file tasks locally for table bench.v3_bronze.orders
26/10/03 09:53:44 INFO LoggingMetricsReporter: Received metrics report: ScanReport{tableName=bench.v3_bronze.orders, snapshotId=6992794920736109772, filter=(not_null(ref(name="custkey")) and not_null(ref(name="orderkey"))), schemaId=0, projectedFieldIds=[1, 2, 3, 4], projectedFieldNames=[orderkey, custkey, orderdate, totalprice], scanMetrics=ScanMetricsResult{totalPlanningDuration=TimerResult{timeUnit=NANOSECONDS, totalDuration=PT0.011091103S, count=1}, resultDataFiles=CounterResult{unit=COUNT, value=2}, resultDeleteFiles=CounterResult{unit=COUNT, value=0}, totalDataManifests=CounterResult{unit=COUNT, value=1}, totalDeleteManifests=CounterResult{unit=COUNT, value=0}, scannedDataManifests=CounterResult{unit=COUNT, value=1}, skippedDataManifests=CounterResult{unit=COUNT, value=0}, totalFileSizeInBytes=CounterResult{unit=BYTES, value=74608310}, totalDeleteFileSizeInBytes=CounterResult{unit=BYTES, value=0}, skippedDataFiles=CounterResult{unit=COUNT, value=0}, skippedDeleteFiles=CounterResult{unit=COUNT, value=0}, scannedDeleteManifests=CounterResult{unit=COUNT, value=0}, skippedDeleteManifests=CounterResult{unit=COUNT, value=0}, indexedDeleteFiles=CounterResult{unit=COUNT, value=0}, equalityDeleteFiles=CounterResult{unit=COUNT, value=0}, positionalDeleteFiles=CounterResult{unit=COUNT, value=0}}, metadata={engine-version=3.5.3, iceberg-version=Apache Iceberg 1.7.1 (commit 4a432839233f2343a9eae8255532f911f06358ef), app-id=local-1791021217916, engine-name=spark}}
26/10/03 09:53:44 INFO SparkPartitioningAwareScan: Reporting UnknownPartitioning with 2 partition(s) for table bench.v3_bronze.orders
26/10/03 09:53:44 INFO SnapshotScan: Scanning table bench.v3_bronze.lineitem snapshot 2660347703052722521 created at 2026-10-03T09:47:51.230+00:00 with filter orderkey IS NOT NULL
26/10/03 09:53:44 INFO BaseDistributedDataScan: Planning file tasks locally for table bench.v3_bronze.lineitem
26/10/03 09:53:44 INFO LoggingMetricsReporter: Received metrics report: ScanReport{tableName=bench.v3_bronze.lineitem, snapshotId=2660347703052722521, filter=not_null(ref(name="orderkey")), schemaId=0, projectedFieldIds=[1, 2], projectedFieldNames=[orderkey, quantity], scanMetrics=ScanMetricsResult{totalPlanningDuration=TimerResult{timeUnit=NANOSECONDS, totalDuration=PT0.010866718S, count=1}, resultDataFiles=CounterResult{unit=COUNT, value=5}, resultDeleteFiles=CounterResult{unit=COUNT, value=0}, totalDataManifests=CounterResult{unit=COUNT, value=1}, totalDeleteManifests=CounterResult{unit=COUNT, value=0}, scannedDataManifests=CounterResult{unit=COUNT, value=1}, skippedDataManifests=CounterResult{unit=COUNT, value=0}, totalFileSizeInBytes=CounterResult{unit=BYTES, value=35299592}, totalDeleteFileSizeInBytes=CounterResult{unit=BYTES, value=0}, skippedDataFiles=CounterResult{unit=COUNT, value=0}, skippedDeleteFiles=CounterResult{unit=COUNT, value=0}, scannedDeleteManifests=CounterResult{unit=COUNT, value=0}, skippedDeleteManifests=CounterResult{unit=COUNT, value=0}, indexedDeleteFiles=CounterResult{unit=COUNT, value=0}, equalityDeleteFiles=CounterResult{unit=COUNT, value=0}, positionalDeleteFiles=CounterResult{unit=COUNT, value=0}}, metadata={engine-version=3.5.3, iceberg-version=Apache Iceberg 1.7.1 (commit 4a432839233f2343a9eae8255532f911f06358ef), app-id=local-1791021217916, engine-name=spark}}
26/10/03 09:53:44 INFO SparkPartitioningAwareScan: Reporting UnknownPartitioning with 3 partition(s) for table bench.v3_bronze.lineitem
26/10/03 09:53:44 INFO MemoryStore: Block broadcast_6 stored as values in memory (estimated size 32.0 KiB, free 1048.8 MiB)
26/10/03 09:53:44 INFO MemoryStore: Block broadcast_6_piece0 stored as bytes in memory (estimated size 3.9 KiB, free 1048.8 MiB)
26/10/03 09:53:44 INFO BlockManagerInfo: Added broadcast_6_piece0 in memory on ae94b550aaa6:43503 (size: 3.9 KiB, free: 1048.8 MiB)
26/10/03 09:53:44 INFO SparkContext: Created broadcast 6 from collect at /work/spark/verify_lakehouse.py:23
26/10/03 09:53:44 INFO MemoryStore: Block broadcast_7 stored as values in memory (estimated size 32.0 KiB, free 1048.7 MiB)
26/10/03 09:53:44 INFO MemoryStore: Block broadcast_7_piece0 stored as bytes in memory (estimated size 3.9 KiB, free 1048.7 MiB)
26/10/03 09:53:44 INFO BlockManagerInfo: Added broadcast_7_piece0 in memory on ae94b550aaa6:43503 (size: 3.9 KiB, free: 1048.8 MiB)
26/10/03 09:53:44 INFO SparkContext: Created broadcast 7 from collect at /work/spark/verify_lakehouse.py:23
26/10/03 09:53:44 INFO MemoryStore: Block broadcast_8 stored as values in memory (estimated size 32.0 KiB, free 1048.7 MiB)
26/10/03 09:53:44 INFO MemoryStore: Block broadcast_8_piece0 stored as bytes in memory (estimated size 3.9 KiB, free 1048.7 MiB)
26/10/03 09:53:44 INFO BlockManagerInfo: Added broadcast_8_piece0 in memory on ae94b550aaa6:43503 (size: 3.9 KiB, free: 1048.8 MiB)
26/10/03 09:53:44 INFO SparkContext: Created broadcast 8 from collect at /work/spark/verify_lakehouse.py:23
26/10/03 09:53:44 INFO MemoryStore: Block broadcast_9 stored as values in memory (estimated size 32.0 KiB, free 1048.7 MiB)
26/10/03 09:53:44 INFO MemoryStore: Block broadcast_9_piece0 stored as bytes in memory (estimated size 3.9 KiB, free 1048.7 MiB)
26/10/03 09:53:44 INFO BlockManagerInfo: Added broadcast_9_piece0 in memory on ae94b550aaa6:43503 (size: 3.9 KiB, free: 1048.8 MiB)
26/10/03 09:53:44 INFO SparkContext: Created broadcast 9 from collect at /work/spark/verify_lakehouse.py:23
26/10/03 09:53:44 INFO MemoryStore: Block broadcast_10 stored as values in memory (estimated size 32.0 KiB, free 1048.6 MiB)
26/10/03 09:53:44 INFO MemoryStore: Block broadcast_10_piece0 stored as bytes in memory (estimated size 3.9 KiB, free 1048.6 MiB)
26/10/03 09:53:44 INFO BlockManagerInfo: Added broadcast_10_piece0 in memory on ae94b550aaa6:43503 (size: 3.9 KiB, free: 1048.8 MiB)
26/10/03 09:53:44 INFO SparkContext: Created broadcast 10 from collect at /work/spark/verify_lakehouse.py:23
26/10/03 09:53:44 INFO MemoryStore: Block broadcast_11 stored as values in memory (estimated size 32.0 KiB, free 1048.6 MiB)
26/10/03 09:53:44 INFO MemoryStore: Block broadcast_11_piece0 stored as bytes in memory (estimated size 3.9 KiB, free 1048.6 MiB)
26/10/03 09:53:44 INFO BlockManagerInfo: Added broadcast_11_piece0 in memory on ae94b550aaa6:43503 (size: 3.9 KiB, free: 1048.8 MiB)
26/10/03 09:53:44 INFO SparkContext: Created broadcast 11 from collect at /work/spark/verify_lakehouse.py:23
26/10/03 09:53:44 INFO MemoryStore: Block broadcast_12 stored as values in memory (estimated size 32.0 KiB, free 1048.6 MiB)
26/10/03 09:53:44 INFO MemoryStore: Block broadcast_12_piece0 stored as bytes in memory (estimated size 3.9 KiB, free 1048.6 MiB)
26/10/03 09:53:44 INFO BlockManagerInfo: Added broadcast_12_piece0 in memory on ae94b550aaa6:43503 (size: 3.9 KiB, free: 1048.8 MiB)
26/10/03 09:53:44 INFO SparkContext: Created broadcast 12 from collect at /work/spark/verify_lakehouse.py:23
26/10/03 09:53:44 INFO MemoryStore: Block broadcast_13 stored as values in memory (estimated size 32.0 KiB, free 1048.5 MiB)
26/10/03 09:53:44 INFO MemoryStore: Block broadcast_13_piece0 stored as bytes in memory (estimated size 3.9 KiB, free 1048.5 MiB)
26/10/03 09:53:44 INFO BlockManagerInfo: Added broadcast_13_piece0 in memory on ae94b550aaa6:43503 (size: 3.9 KiB, free: 1048.8 MiB)
26/10/03 09:53:44 INFO SparkContext: Created broadcast 13 from collect at /work/spark/verify_lakehouse.py:23
26/10/03 09:53:44 INFO MemoryStore: Block broadcast_14 stored as values in memory (estimated size 32.0 KiB, free 1048.5 MiB)
26/10/03 09:53:44 INFO MemoryStore: Block broadcast_14_piece0 stored as bytes in memory (estimated size 3.9 KiB, free 1048.5 MiB)
26/10/03 09:53:44 INFO BlockManagerInfo: Added broadcast_14_piece0 in memory on ae94b550aaa6:43503 (size: 3.9 KiB, free: 1048.8 MiB)
26/10/03 09:53:44 INFO SparkContext: Created broadcast 14 from collect at /work/spark/verify_lakehouse.py:23
26/10/03 09:53:44 INFO MemoryStore: Block broadcast_15 stored as values in memory (estimated size 32.0 KiB, free 1048.5 MiB)
26/10/03 09:53:44 INFO MemoryStore: Block broadcast_15_piece0 stored as bytes in memory (estimated size 3.9 KiB, free 1048.4 MiB)
26/10/03 09:53:44 INFO BlockManagerInfo: Added broadcast_15_piece0 in memory on ae94b550aaa6:43503 (size: 3.9 KiB, free: 1048.8 MiB)
26/10/03 09:53:44 INFO SparkContext: Created broadcast 15 from collect at /work/spark/verify_lakehouse.py:23
26/10/03 09:53:44 INFO CodeGenerator: Code generated in 7.991805 ms
26/10/03 09:53:44 INFO DAGScheduler: Registering RDD 21 (collect at /work/spark/verify_lakehouse.py:23) as input to shuffle 3
26/10/03 09:53:44 INFO DAGScheduler: Got map stage job 6 (collect at /work/spark/verify_lakehouse.py:23) with 1 output partitions
26/10/03 09:53:44 INFO DAGScheduler: Final stage: ShuffleMapStage 9 (collect at /work/spark/verify_lakehouse.py:23)
26/10/03 09:53:44 INFO DAGScheduler: Parents of final stage: List()
26/10/03 09:53:44 INFO DAGScheduler: Missing parents: List()
26/10/03 09:53:44 INFO DAGScheduler: Submitting ShuffleMapStage 9 (MapPartitionsRDD[21] at collect at /work/spark/verify_lakehouse.py:23), which has no missing parents
26/10/03 09:53:44 INFO MemoryStore: Block broadcast_16 stored as values in memory (estimated size 17.2 KiB, free 1048.4 MiB)
26/10/03 09:53:44 INFO MemoryStore: Block broadcast_16_piece0 stored as bytes in memory (estimated size 7.3 KiB, free 1048.4 MiB)
26/10/03 09:53:44 INFO BlockManagerInfo: Added broadcast_16_piece0 in memory on ae94b550aaa6:43503 (size: 7.3 KiB, free: 1048.8 MiB)
26/10/03 09:53:44 INFO SparkContext: Created broadcast 16 from broadcast at DAGScheduler.scala:1585
26/10/03 09:53:44 INFO DAGScheduler: Submitting 1 missing tasks from ShuffleMapStage 9 (MapPartitionsRDD[21] at collect at /work/spark/verify_lakehouse.py:23) (first 15 tasks are for partitions Vector(0))
26/10/03 09:53:44 INFO TaskSchedulerImpl: Adding task set 9.0 with 1 tasks resource profile 0
26/10/03 09:53:44 INFO CodeGenerator: Code generated in 13.324584 ms
26/10/03 09:53:44 INFO DAGScheduler: Registering RDD 25 (collect at /work/spark/verify_lakehouse.py:23) as input to shuffle 4
26/10/03 09:53:44 INFO DAGScheduler: Got map stage job 7 (collect at /work/spark/verify_lakehouse.py:23) with 2 output partitions
26/10/03 09:53:44 INFO DAGScheduler: Final stage: ShuffleMapStage 10 (collect at /work/spark/verify_lakehouse.py:23)
26/10/03 09:53:44 INFO DAGScheduler: Parents of final stage: List()
26/10/03 09:53:44 INFO DAGScheduler: Missing parents: List()
26/10/03 09:53:44 INFO TaskSetManager: Starting task 0.0 in stage 9.0 (TID 6) (ae94b550aaa6, executor driver, partition 0, PROCESS_LOCAL, 13894 bytes) 
26/10/03 09:53:44 INFO DAGScheduler: Submitting ShuffleMapStage 10 (MapPartitionsRDD[25] at collect at /work/spark/verify_lakehouse.py:23), which has no missing parents
26/10/03 09:53:44 INFO Executor: Running task 0.0 in stage 9.0 (TID 6)
26/10/03 09:53:44 INFO MemoryStore: Block broadcast_17 stored as values in memory (estimated size 18.6 KiB, free 1048.4 MiB)
26/10/03 09:53:44 INFO MemoryStore: Block broadcast_17_piece0 stored as bytes in memory (estimated size 7.7 KiB, free 1048.4 MiB)
26/10/03 09:53:44 INFO BlockManagerInfo: Added broadcast_17_piece0 in memory on ae94b550aaa6:43503 (size: 7.7 KiB, free: 1048.7 MiB)
26/10/03 09:53:44 INFO SparkContext: Created broadcast 17 from broadcast at DAGScheduler.scala:1585
26/10/03 09:53:44 INFO DAGScheduler: Submitting 2 missing tasks from ShuffleMapStage 10 (MapPartitionsRDD[25] at collect at /work/spark/verify_lakehouse.py:23) (first 15 tasks are for partitions Vector(0, 1))
26/10/03 09:53:44 INFO TaskSchedulerImpl: Adding task set 10.0 with 2 tasks resource profile 0
26/10/03 09:53:44 INFO TaskSetManager: Starting task 0.0 in stage 10.0 (TID 7) (ae94b550aaa6, executor driver, partition 0, PROCESS_LOCAL, 14241 bytes) 
26/10/03 09:53:44 INFO TaskSetManager: Starting task 1.0 in stage 10.0 (TID 8) (ae94b550aaa6, executor driver, partition 1, PROCESS_LOCAL, 14232 bytes) 
26/10/03 09:53:44 INFO Executor: Running task 0.0 in stage 10.0 (TID 7)
26/10/03 09:53:44 INFO Executor: Running task 1.0 in stage 10.0 (TID 8)
26/10/03 09:53:44 INFO CodeGenerator: Code generated in 22.41503 ms
26/10/03 09:53:44 INFO CodeGenerator: Code generated in 10.548473 ms
26/10/03 09:53:44 INFO CodeGenerator: Code generated in 9.608653 ms
26/10/03 09:53:44 INFO CodeGenerator: Code generated in 49.782845 ms
26/10/03 09:53:44 INFO DAGScheduler: Registering RDD 29 (collect at /work/spark/verify_lakehouse.py:23) as input to shuffle 5
26/10/03 09:53:44 INFO DAGScheduler: Got map stage job 8 (collect at /work/spark/verify_lakehouse.py:23) with 3 output partitions
26/10/03 09:53:44 INFO DAGScheduler: Final stage: ShuffleMapStage 11 (collect at /work/spark/verify_lakehouse.py:23)
26/10/03 09:53:44 INFO DAGScheduler: Parents of final stage: List()
26/10/03 09:53:44 INFO DAGScheduler: Missing parents: List()
26/10/03 09:53:44 INFO DAGScheduler: Submitting ShuffleMapStage 11 (MapPartitionsRDD[29] at collect at /work/spark/verify_lakehouse.py:23), which has no missing parents
26/10/03 09:53:44 INFO MemoryStore: Block broadcast_18 stored as values in memory (estimated size 40.9 KiB, free 1048.4 MiB)
26/10/03 09:53:44 INFO MemoryStore: Block broadcast_18_piece0 stored as bytes in memory (estimated size 17.8 KiB, free 1048.3 MiB)
26/10/03 09:53:44 INFO BlockManagerInfo: Added broadcast_18_piece0 in memory on ae94b550aaa6:43503 (size: 17.8 KiB, free: 1048.7 MiB)
26/10/03 09:53:44 INFO SparkContext: Created broadcast 18 from broadcast at DAGScheduler.scala:1585
26/10/03 09:53:44 INFO DAGScheduler: Submitting 3 missing tasks from ShuffleMapStage 11 (MapPartitionsRDD[29] at collect at /work/spark/verify_lakehouse.py:23) (first 15 tasks are for partitions Vector(0, 1, 2))
26/10/03 09:53:44 INFO TaskSchedulerImpl: Adding task set 11.0 with 3 tasks resource profile 0
26/10/03 09:53:44 INFO TaskSetManager: Starting task 0.0 in stage 11.0 (TID 9) (ae94b550aaa6, executor driver, partition 0, PROCESS_LOCAL, 14267 bytes) 
26/10/03 09:53:44 INFO Executor: Running task 0.0 in stage 11.0 (TID 9)
26/10/03 09:53:44 INFO CodeGenerator: Code generated in 10.344924 ms
26/10/03 09:53:44 INFO DAGScheduler: Registering RDD 33 (collect at /work/spark/verify_lakehouse.py:23) as input to shuffle 6
26/10/03 09:53:44 INFO DAGScheduler: Got map stage job 9 (collect at /work/spark/verify_lakehouse.py:23) with 3 output partitions
26/10/03 09:53:44 INFO DAGScheduler: Final stage: ShuffleMapStage 12 (collect at /work/spark/verify_lakehouse.py:23)
26/10/03 09:53:44 INFO DAGScheduler: Parents of final stage: List()
26/10/03 09:53:44 INFO DAGScheduler: Missing parents: List()
26/10/03 09:53:44 INFO DAGScheduler: Submitting ShuffleMapStage 12 (MapPartitionsRDD[33] at collect at /work/spark/verify_lakehouse.py:23), which has no missing parents
26/10/03 09:53:44 INFO MemoryStore: Block broadcast_19 stored as values in memory (estimated size 17.4 KiB, free 1048.3 MiB)
26/10/03 09:53:44 INFO MemoryStore: Block broadcast_19_piece0 stored as bytes in memory (estimated size 7.4 KiB, free 1048.3 MiB)
26/10/03 09:53:44 INFO BlockManagerInfo: Added broadcast_19_piece0 in memory on ae94b550aaa6:43503 (size: 7.4 KiB, free: 1048.7 MiB)
26/10/03 09:53:44 INFO SparkContext: Created broadcast 19 from broadcast at DAGScheduler.scala:1585
26/10/03 09:53:44 INFO DAGScheduler: Submitting 3 missing tasks from ShuffleMapStage 12 (MapPartitionsRDD[33] at collect at /work/spark/verify_lakehouse.py:23) (first 15 tasks are for partitions Vector(0, 1, 2))
26/10/03 09:53:44 INFO TaskSchedulerImpl: Adding task set 12.0 with 3 tasks resource profile 0
26/10/03 09:53:44 INFO CodeGenerator: Code generated in 28.45369 ms
26/10/03 09:53:44 INFO CodeGenerator: Code generated in 11.677848 ms
26/10/03 09:53:44 INFO CodeGenerator: Code generated in 4.354737 ms
26/10/03 09:53:44 INFO CodeGenerator: Code generated in 5.120931 ms
26/10/03 09:53:44 INFO CodeGenerator: Code generated in 5.642498 ms
26/10/03 09:53:44 INFO VectorizedSparkParquetReaders: Enabling arrow.enable_unsafe_memory_access
26/10/03 09:53:44 INFO VectorizedSparkParquetReaders: Disabling arrow.enable_null_check_for_get
26/10/03 09:53:44 INFO BaseAllocator: Debug mode disabled. Enable with the VM option -Darrow.memory.debug.allocator=true.
26/10/03 09:53:44 INFO DefaultAllocationManagerOption: allocation manager type not specified, using netty as the default type
26/10/03 09:53:44 INFO CheckAllocator: Using DefaultAllocationManager at memory/DefaultAllocationManagerFactory.class
26/10/03 09:53:45 INFO CodecPool: Got brand-new decompressor [.zstd]
26/10/03 09:53:45 INFO CodecPool: Got brand-new decompressor [.zstd]
26/10/03 09:53:46 INFO CodecPool: Got brand-new decompressor [.zstd]
26/10/03 09:53:46 INFO Executor: Finished task 0.0 in stage 9.0 (TID 6). 4853 bytes result sent to driver
26/10/03 09:53:46 INFO TaskSetManager: Starting task 1.0 in stage 11.0 (TID 10) (ae94b550aaa6, executor driver, partition 1, PROCESS_LOCAL, 13630 bytes) 
26/10/03 09:53:46 INFO Executor: Running task 1.0 in stage 11.0 (TID 10)
26/10/03 09:53:46 INFO TaskSetManager: Finished task 0.0 in stage 9.0 (TID 6) in 1730 ms on ae94b550aaa6 (executor driver) (1/1)
26/10/03 09:53:46 INFO TaskSchedulerImpl: Removed TaskSet 9.0, whose tasks have all completed, from pool 
26/10/03 09:53:46 INFO DAGScheduler: ShuffleMapStage 9 (collect at /work/spark/verify_lakehouse.py:23) finished in 1.740 s
26/10/03 09:53:46 INFO DAGScheduler: looking for newly runnable stages
26/10/03 09:53:46 INFO DAGScheduler: running: Set(ShuffleMapStage 12, ShuffleMapStage 10, ShuffleMapStage 11)
26/10/03 09:53:46 INFO DAGScheduler: waiting: Set()
26/10/03 09:53:46 INFO DAGScheduler: failed: Set()
26/10/03 09:53:46 INFO BlockManagerInfo: Removed broadcast_16_piece0 on ae94b550aaa6:43503 in memory (size: 7.3 KiB, free: 1048.7 MiB)
26/10/03 09:53:46 INFO CodecPool: Got brand-new decompressor [.zstd]
26/10/03 09:53:46 INFO CodecPool: Got brand-new decompressor [.zstd]
26/10/03 09:53:46 INFO Executor: Finished task 0.0 in stage 10.0 (TID 7). 4810 bytes result sent to driver
26/10/03 09:53:46 INFO TaskSetManager: Starting task 2.0 in stage 11.0 (TID 11) (ae94b550aaa6, executor driver, partition 2, PROCESS_LOCAL, 13630 bytes) 
26/10/03 09:53:46 INFO Executor: Running task 2.0 in stage 11.0 (TID 11)
26/10/03 09:53:46 INFO TaskSetManager: Finished task 0.0 in stage 10.0 (TID 7) in 2311 ms on ae94b550aaa6 (executor driver) (1/2)
26/10/03 09:53:47 INFO CodecPool: Got brand-new decompressor [.zstd]
26/10/03 09:53:47 INFO CodecPool: Got brand-new decompressor [.zstd]
26/10/03 09:53:47 INFO CodecPool: Got brand-new decompressor [.zstd]
26/10/03 09:53:48 INFO Executor: Finished task 0.0 in stage 11.0 (TID 9). 5299 bytes result sent to driver
26/10/03 09:53:48 INFO TaskSetManager: Starting task 0.0 in stage 12.0 (TID 12) (ae94b550aaa6, executor driver, partition 0, PROCESS_LOCAL, 14542 bytes) 
26/10/03 09:53:48 INFO TaskSetManager: Finished task 0.0 in stage 11.0 (TID 9) in 3559 ms on ae94b550aaa6 (executor driver) (1/3)
26/10/03 09:53:48 INFO Executor: Running task 0.0 in stage 12.0 (TID 12)
26/10/03 09:53:48 INFO CodeGenerator: Code generated in 6.155361 ms
26/10/03 09:53:48 INFO Executor: Finished task 1.0 in stage 11.0 (TID 10). 5299 bytes result sent to driver
26/10/03 09:53:48 INFO TaskSetManager: Starting task 1.0 in stage 12.0 (TID 13) (ae94b550aaa6, executor driver, partition 1, PROCESS_LOCAL, 13905 bytes) 
26/10/03 09:53:48 INFO TaskSetManager: Finished task 1.0 in stage 11.0 (TID 10) in 2057 ms on ae94b550aaa6 (executor driver) (2/3)
26/10/03 09:53:48 INFO Executor: Running task 1.0 in stage 12.0 (TID 13)
26/10/03 09:53:48 INFO CodecPool: Got brand-new decompressor [.zstd]
26/10/03 09:53:48 INFO CodecPool: Got brand-new decompressor [.zstd]
26/10/03 09:53:48 INFO CodecPool: Got brand-new decompressor [.zstd]
26/10/03 09:53:49 INFO Executor: Finished task 1.0 in stage 10.0 (TID 8). 4810 bytes result sent to driver
26/10/03 09:53:49 INFO TaskSetManager: Starting task 2.0 in stage 12.0 (TID 14) (ae94b550aaa6, executor driver, partition 2, PROCESS_LOCAL, 13905 bytes) 
26/10/03 09:53:49 INFO TaskSetManager: Finished task 1.0 in stage 10.0 (TID 8) in 4687 ms on ae94b550aaa6 (executor driver) (2/2)
26/10/03 09:53:49 INFO TaskSchedulerImpl: Removed TaskSet 10.0, whose tasks have all completed, from pool 
26/10/03 09:53:49 INFO Executor: Running task 2.0 in stage 12.0 (TID 14)
26/10/03 09:53:49 INFO DAGScheduler: ShuffleMapStage 10 (collect at /work/spark/verify_lakehouse.py:23) finished in 4.714 s
26/10/03 09:53:49 INFO DAGScheduler: looking for newly runnable stages
26/10/03 09:53:49 INFO DAGScheduler: running: Set(ShuffleMapStage 12, ShuffleMapStage 11)
26/10/03 09:53:49 INFO DAGScheduler: waiting: Set()
26/10/03 09:53:49 INFO DAGScheduler: failed: Set()
26/10/03 09:53:49 INFO CodecPool: Got brand-new decompressor [.zstd]
26/10/03 09:53:49 INFO BlockManagerInfo: Removed broadcast_17_piece0 on ae94b550aaa6:43503 in memory (size: 7.7 KiB, free: 1048.7 MiB)
26/10/03 09:53:49 INFO Executor: Finished task 0.0 in stage 12.0 (TID 12). 4853 bytes result sent to driver
26/10/03 09:53:49 INFO TaskSetManager: Finished task 0.0 in stage 12.0 (TID 12) in 1449 ms on ae94b550aaa6 (executor driver) (1/3)
26/10/03 09:53:49 INFO Executor: Finished task 2.0 in stage 11.0 (TID 11). 5299 bytes result sent to driver
26/10/03 09:53:49 INFO TaskSetManager: Finished task 2.0 in stage 11.0 (TID 11) in 3068 ms on ae94b550aaa6 (executor driver) (3/3)
26/10/03 09:53:49 INFO TaskSchedulerImpl: Removed TaskSet 11.0, whose tasks have all completed, from pool 
26/10/03 09:53:49 INFO DAGScheduler: ShuffleMapStage 11 (collect at /work/spark/verify_lakehouse.py:23) finished in 5.302 s
26/10/03 09:53:49 INFO DAGScheduler: looking for newly runnable stages
26/10/03 09:53:49 INFO DAGScheduler: running: Set(ShuffleMapStage 12)
26/10/03 09:53:49 INFO DAGScheduler: waiting: Set()
26/10/03 09:53:49 INFO DAGScheduler: failed: Set()
26/10/03 09:53:49 INFO ShufflePartitionsUtil: For shuffle(4, 5), advisory target size: 67108864, actual target size 56309342, minimum partition size: 1048576
26/10/03 09:53:49 INFO Executor: Finished task 1.0 in stage 12.0 (TID 13). 4810 bytes result sent to driver
26/10/03 09:53:49 INFO TaskSetManager: Finished task 1.0 in stage 12.0 (TID 13) in 1661 ms on ae94b550aaa6 (executor driver) (2/3)
26/10/03 09:53:49 INFO CodeGenerator: Code generated in 9.569338 ms
26/10/03 09:53:49 INFO CodeGenerator: Code generated in 5.624925 ms
26/10/03 09:53:49 INFO HashAggregateExec: spark.sql.codegen.aggregate.map.twolevel.enabled is set to true, but current version of codegened fast hashmap does not support this aggregate.
26/10/03 09:53:49 INFO CodeGenerator: Code generated in 12.2497 ms
26/10/03 09:53:49 INFO DAGScheduler: Registering RDD 40 (collect at /work/spark/verify_lakehouse.py:23) as input to shuffle 7
26/10/03 09:53:49 INFO DAGScheduler: Got map stage job 10 (collect at /work/spark/verify_lakehouse.py:23) with 5 output partitions
26/10/03 09:53:49 INFO DAGScheduler: Final stage: ShuffleMapStage 15 (collect at /work/spark/verify_lakehouse.py:23)
26/10/03 09:53:49 INFO DAGScheduler: Parents of final stage: List(ShuffleMapStage 13, ShuffleMapStage 14)
26/10/03 09:53:49 INFO DAGScheduler: Missing parents: List()
26/10/03 09:53:49 INFO DAGScheduler: Submitting ShuffleMapStage 15 (MapPartitionsRDD[40] at collect at /work/spark/verify_lakehouse.py:23), which has no missing parents
26/10/03 09:53:49 INFO MemoryStore: Block broadcast_20 stored as values in memory (estimated size 60.4 KiB, free 1048.3 MiB)
26/10/03 09:53:49 INFO MemoryStore: Block broadcast_20_piece0 stored as bytes in memory (estimated size 26.0 KiB, free 1048.3 MiB)
26/10/03 09:53:49 INFO BlockManagerInfo: Added broadcast_20_piece0 in memory on ae94b550aaa6:43503 (size: 26.0 KiB, free: 1048.7 MiB)
26/10/03 09:53:49 INFO SparkContext: Created broadcast 20 from broadcast at DAGScheduler.scala:1585
26/10/03 09:53:49 INFO DAGScheduler: Submitting 5 missing tasks from ShuffleMapStage 15 (MapPartitionsRDD[40] at collect at /work/spark/verify_lakehouse.py:23) (first 15 tasks are for partitions Vector(0, 1, 2, 3, 4))
26/10/03 09:53:49 INFO TaskSchedulerImpl: Adding task set 15.0 with 5 tasks resource profile 0
26/10/03 09:53:49 INFO TaskSetManager: Starting task 0.0 in stage 15.0 (TID 15) (ae94b550aaa6, executor driver, partition 0, NODE_LOCAL, 9572 bytes) 
26/10/03 09:53:49 INFO TaskSetManager: Starting task 1.0 in stage 15.0 (TID 16) (ae94b550aaa6, executor driver, partition 1, NODE_LOCAL, 9572 bytes) 
26/10/03 09:53:49 INFO TaskSetManager: Starting task 2.0 in stage 15.0 (TID 17) (ae94b550aaa6, executor driver, partition 2, NODE_LOCAL, 9572 bytes) 
26/10/03 09:53:49 INFO Executor: Running task 0.0 in stage 15.0 (TID 15)
26/10/03 09:53:49 INFO Executor: Running task 1.0 in stage 15.0 (TID 16)
26/10/03 09:53:49 INFO Executor: Running task 2.0 in stage 15.0 (TID 17)
26/10/03 09:53:49 INFO ShuffleBlockFetcherIterator: Getting 2 (29.4 MiB) non-empty blocks including 2 (29.4 MiB) local and 0 (0.0 B) host-local and 0 (0.0 B) push-merged-local and 0 (0.0 B) remote blocks
26/10/03 09:53:49 INFO ShuffleBlockFetcherIterator: Getting 2 (30.8 MiB) non-empty blocks including 2 (30.8 MiB) local and 0 (0.0 B) host-local and 0 (0.0 B) push-merged-local and 0 (0.0 B) remote blocks
26/10/03 09:53:49 INFO ShuffleBlockFetcherIterator: Getting 2 (39.0 MiB) non-empty blocks including 2 (39.0 MiB) local and 0 (0.0 B) host-local and 0 (0.0 B) push-merged-local and 0 (0.0 B) remote blocks
26/10/03 09:53:49 INFO ShuffleBlockFetcherIterator: Started 0 remote fetches in 1 ms
26/10/03 09:53:49 INFO ShuffleBlockFetcherIterator: Started 0 remote fetches in 1 ms
26/10/03 09:53:49 INFO ShuffleBlockFetcherIterator: Started 0 remote fetches in 1 ms
26/10/03 09:53:49 INFO CodeGenerator: Code generated in 5.662127 ms
26/10/03 09:53:49 INFO BlockManagerInfo: Removed broadcast_18_piece0 on ae94b550aaa6:43503 in memory (size: 17.8 KiB, free: 1048.7 MiB)
26/10/03 09:53:50 INFO CodeGenerator: Code generated in 12.564128 ms
26/10/03 09:53:50 INFO CodeGenerator: Code generated in 3.842586 ms
26/10/03 09:53:50 INFO ShuffleBlockFetcherIterator: Getting 3 (10.6 MiB) non-empty blocks including 3 (10.6 MiB) local and 0 (0.0 B) host-local and 0 (0.0 B) push-merged-local and 0 (0.0 B) remote blocks
26/10/03 09:53:50 INFO ShuffleBlockFetcherIterator: Getting 3 (10.6 MiB) non-empty blocks including 3 (10.6 MiB) local and 0 (0.0 B) host-local and 0 (0.0 B) push-merged-local and 0 (0.0 B) remote blocks
26/10/03 09:53:50 INFO ShuffleBlockFetcherIterator: Getting 3 (14.1 MiB) non-empty blocks including 3 (14.1 MiB) local and 0 (0.0 B) host-local and 0 (0.0 B) push-merged-local and 0 (0.0 B) remote blocks
26/10/03 09:53:50 INFO ShuffleBlockFetcherIterator: Started 0 remote fetches in 0 ms
26/10/03 09:53:50 INFO ShuffleBlockFetcherIterator: Started 0 remote fetches in 0 ms
26/10/03 09:53:50 INFO ShuffleBlockFetcherIterator: Started 0 remote fetches in 0 ms
26/10/03 09:53:50 INFO CodeGenerator: Code generated in 14.198587 ms
26/10/03 09:53:50 INFO CodeGenerator: Code generated in 3.640795 ms
26/10/03 09:53:50 INFO CodeGenerator: Code generated in 3.266015 ms
26/10/03 09:53:50 INFO CodeGenerator: Code generated in 7.075948 ms
26/10/03 09:53:50 INFO CodeGenerator: Code generated in 5.79791 ms
26/10/03 09:53:50 INFO CodecPool: Got brand-new decompressor [.zstd]
26/10/03 09:53:51 INFO Executor: Finished task 1.0 in stage 15.0 (TID 16). 12355 bytes result sent to driver
26/10/03 09:53:51 INFO TaskSetManager: Starting task 3.0 in stage 15.0 (TID 18) (ae94b550aaa6, executor driver, partition 3, NODE_LOCAL, 9572 bytes) 
26/10/03 09:53:51 INFO Executor: Running task 3.0 in stage 15.0 (TID 18)
26/10/03 09:53:51 INFO TaskSetManager: Finished task 1.0 in stage 15.0 (TID 16) in 1098 ms on ae94b550aaa6 (executor driver) (1/5)
26/10/03 09:53:51 INFO ShuffleBlockFetcherIterator: Getting 2 (39.0 MiB) non-empty blocks including 2 (39.0 MiB) local and 0 (0.0 B) host-local and 0 (0.0 B) push-merged-local and 0 (0.0 B) remote blocks
26/10/03 09:53:51 INFO Executor: Finished task 0.0 in stage 15.0 (TID 15). 12312 bytes result sent to driver
26/10/03 09:53:51 INFO ShuffleBlockFetcherIterator: Started 0 remote fetches in 0 ms
26/10/03 09:53:51 INFO TaskSetManager: Starting task 4.0 in stage 15.0 (TID 19) (ae94b550aaa6, executor driver, partition 4, NODE_LOCAL, 9572 bytes) 
26/10/03 09:53:51 INFO TaskSetManager: Finished task 0.0 in stage 15.0 (TID 15) in 1106 ms on ae94b550aaa6 (executor driver) (2/5)
26/10/03 09:53:51 INFO Executor: Running task 4.0 in stage 15.0 (TID 19)
26/10/03 09:53:51 INFO ShuffleBlockFetcherIterator: Getting 3 (14.1 MiB) non-empty blocks including 3 (14.1 MiB) local and 0 (0.0 B) host-local and 0 (0.0 B) push-merged-local and 0 (0.0 B) remote blocks
26/10/03 09:53:51 INFO ShuffleBlockFetcherIterator: Started 0 remote fetches in 0 ms
26/10/03 09:53:51 INFO ShuffleBlockFetcherIterator: Getting 2 (20.1 MiB) non-empty blocks including 2 (20.1 MiB) local and 0 (0.0 B) host-local and 0 (0.0 B) push-merged-local and 0 (0.0 B) remote blocks
26/10/03 09:53:51 INFO ShuffleBlockFetcherIterator: Started 0 remote fetches in 0 ms
26/10/03 09:53:51 INFO ShuffleBlockFetcherIterator: Getting 3 (7.1 MiB) non-empty blocks including 3 (7.1 MiB) local and 0 (0.0 B) host-local and 0 (0.0 B) push-merged-local and 0 (0.0 B) remote blocks
26/10/03 09:53:51 INFO ShuffleBlockFetcherIterator: Started 0 remote fetches in 0 ms
26/10/03 09:53:51 INFO Executor: Finished task 2.0 in stage 15.0 (TID 17). 12355 bytes result sent to driver
26/10/03 09:53:51 INFO TaskSetManager: Finished task 2.0 in stage 15.0 (TID 17) in 1191 ms on ae94b550aaa6 (executor driver) (3/5)
26/10/03 09:53:51 INFO Executor: Finished task 4.0 in stage 15.0 (TID 19). 12355 bytes result sent to driver
26/10/03 09:53:51 INFO TaskSetManager: Finished task 4.0 in stage 15.0 (TID 19) in 357 ms on ae94b550aaa6 (executor driver) (4/5)
26/10/03 09:53:51 INFO Executor: Finished task 3.0 in stage 15.0 (TID 18). 12355 bytes result sent to driver
26/10/03 09:53:51 INFO TaskSetManager: Finished task 3.0 in stage 15.0 (TID 18) in 669 ms on ae94b550aaa6 (executor driver) (5/5)
26/10/03 09:53:51 INFO TaskSchedulerImpl: Removed TaskSet 15.0, whose tasks have all completed, from pool 
26/10/03 09:53:51 INFO DAGScheduler: ShuffleMapStage 15 (collect at /work/spark/verify_lakehouse.py:23) finished in 1.780 s
26/10/03 09:53:51 INFO DAGScheduler: looking for newly runnable stages
26/10/03 09:53:51 INFO DAGScheduler: running: Set(ShuffleMapStage 12)
26/10/03 09:53:51 INFO DAGScheduler: waiting: Set()
26/10/03 09:53:51 INFO DAGScheduler: failed: Set()
26/10/03 09:53:51 INFO ShufflePartitionsUtil: For shuffle(7), advisory target size: 67108864, actual target size 1048576, minimum partition size: 1048576
26/10/03 09:53:51 INFO SparkContext: Starting job: collect at /work/spark/verify_lakehouse.py:23
26/10/03 09:53:51 INFO DAGScheduler: Got job 11 (collect at /work/spark/verify_lakehouse.py:23) with 1 output partitions
26/10/03 09:53:51 INFO DAGScheduler: Final stage: ResultStage 19 (collect at /work/spark/verify_lakehouse.py:23)
26/10/03 09:53:51 INFO DAGScheduler: Parents of final stage: List(ShuffleMapStage 18)
26/10/03 09:53:51 INFO DAGScheduler: Missing parents: List()
26/10/03 09:53:51 INFO DAGScheduler: Submitting ResultStage 19 (MapPartitionsRDD[42] at collect at /work/spark/verify_lakehouse.py:23), which has no missing parents
26/10/03 09:53:51 INFO MemoryStore: Block broadcast_21 stored as values in memory (estimated size 8.2 KiB, free 1048.3 MiB)
26/10/03 09:53:51 INFO MemoryStore: Block broadcast_21_piece0 stored as bytes in memory (estimated size 4.2 KiB, free 1048.3 MiB)
26/10/03 09:53:51 INFO BlockManagerInfo: Added broadcast_21_piece0 in memory on ae94b550aaa6:43503 (size: 4.2 KiB, free: 1048.7 MiB)
26/10/03 09:53:51 INFO SparkContext: Created broadcast 21 from broadcast at DAGScheduler.scala:1585
26/10/03 09:53:51 INFO DAGScheduler: Submitting 1 missing tasks from ResultStage 19 (MapPartitionsRDD[42] at collect at /work/spark/verify_lakehouse.py:23) (first 15 tasks are for partitions Vector(0))
26/10/03 09:53:51 INFO TaskSchedulerImpl: Adding task set 19.0 with 1 tasks resource profile 0
26/10/03 09:53:51 INFO TaskSetManager: Starting task 0.0 in stage 19.0 (TID 20) (ae94b550aaa6, executor driver, partition 0, NODE_LOCAL, 9317 bytes) 
26/10/03 09:53:51 INFO Executor: Running task 0.0 in stage 19.0 (TID 20)
26/10/03 09:53:51 INFO ShuffleBlockFetcherIterator: Getting 5 (12.3 KiB) non-empty blocks including 5 (12.3 KiB) local and 0 (0.0 B) host-local and 0 (0.0 B) push-merged-local and 0 (0.0 B) remote blocks
26/10/03 09:53:51 INFO ShuffleBlockFetcherIterator: Started 0 remote fetches in 0 ms
26/10/03 09:53:51 INFO Executor: Finished task 0.0 in stage 19.0 (TID 20). 10746 bytes result sent to driver
26/10/03 09:53:51 INFO TaskSetManager: Finished task 0.0 in stage 19.0 (TID 20) in 8 ms on ae94b550aaa6 (executor driver) (1/1)
26/10/03 09:53:51 INFO TaskSchedulerImpl: Removed TaskSet 19.0, whose tasks have all completed, from pool 
26/10/03 09:53:51 INFO DAGScheduler: ResultStage 19 (collect at /work/spark/verify_lakehouse.py:23) finished in 0.016 s
26/10/03 09:53:51 INFO DAGScheduler: Job 11 is finished. Cancelling potential speculative or zombie tasks for this job
26/10/03 09:53:51 INFO TaskSchedulerImpl: Killing all running tasks in stage 19: Stage finished
26/10/03 09:53:51 INFO DAGScheduler: Job 11 finished: collect at /work/spark/verify_lakehouse.py:23, took 0.019307 s
26/10/03 09:53:51 INFO BlockManagerInfo: Removed broadcast_20_piece0 on ae94b550aaa6:43503 in memory (size: 26.0 KiB, free: 1048.8 MiB)
26/10/03 09:53:51 INFO CodeGenerator: Code generated in 10.562114 ms
26/10/03 09:53:51 INFO MemoryStore: Block broadcast_22 stored as values in memory (estimated size 1040.0 KiB, free 1047.4 MiB)
26/10/03 09:53:51 INFO MemoryStore: Block broadcast_22_piece0 stored as bytes in memory (estimated size 9.9 KiB, free 1047.4 MiB)
26/10/03 09:53:51 INFO BlockManagerInfo: Added broadcast_22_piece0 in memory on ae94b550aaa6:43503 (size: 9.9 KiB, free: 1048.7 MiB)
26/10/03 09:53:51 INFO SparkContext: Created broadcast 22 from collect at /work/spark/verify_lakehouse.py:23
26/10/03 09:53:51 INFO ShufflePartitionsUtil: For shuffle(3), advisory target size: 67108864, actual target size 1874380, minimum partition size: 1048576
26/10/03 09:53:51 INFO CodeGenerator: Code generated in 5.897543 ms
26/10/03 09:53:51 INFO DAGScheduler: Registering RDD 45 (collect at /work/spark/verify_lakehouse.py:23) as input to shuffle 8
26/10/03 09:53:51 INFO DAGScheduler: Got map stage job 12 (collect at /work/spark/verify_lakehouse.py:23) with 4 output partitions
26/10/03 09:53:51 INFO DAGScheduler: Final stage: ShuffleMapStage 21 (collect at /work/spark/verify_lakehouse.py:23)
26/10/03 09:53:51 INFO DAGScheduler: Parents of final stage: List(ShuffleMapStage 20)
26/10/03 09:53:51 INFO DAGScheduler: Missing parents: List()
26/10/03 09:53:51 INFO DAGScheduler: Submitting ShuffleMapStage 21 (MapPartitionsRDD[45] at collect at /work/spark/verify_lakehouse.py:23), which has no missing parents
26/10/03 09:53:51 INFO MemoryStore: Block broadcast_23 stored as values in memory (estimated size 15.6 KiB, free 1047.4 MiB)
26/10/03 09:53:51 INFO MemoryStore: Block broadcast_23_piece0 stored as bytes in memory (estimated size 7.6 KiB, free 1047.4 MiB)
26/10/03 09:53:51 INFO BlockManagerInfo: Added broadcast_23_piece0 in memory on ae94b550aaa6:43503 (size: 7.6 KiB, free: 1048.7 MiB)
26/10/03 09:53:51 INFO BlockManagerInfo: Removed broadcast_21_piece0 on ae94b550aaa6:43503 in memory (size: 4.2 KiB, free: 1048.7 MiB)
26/10/03 09:53:51 INFO SparkContext: Created broadcast 23 from broadcast at DAGScheduler.scala:1585
26/10/03 09:53:51 INFO DAGScheduler: Submitting 4 missing tasks from ShuffleMapStage 21 (MapPartitionsRDD[45] at collect at /work/spark/verify_lakehouse.py:23) (first 15 tasks are for partitions Vector(0, 1, 2, 3))
26/10/03 09:53:51 INFO TaskSchedulerImpl: Adding task set 21.0 with 4 tasks resource profile 0
26/10/03 09:53:51 INFO TaskSetManager: Starting task 0.0 in stage 21.0 (TID 21) (ae94b550aaa6, executor driver, partition 0, NODE_LOCAL, 9309 bytes) 
26/10/03 09:53:51 INFO TaskSetManager: Starting task 1.0 in stage 21.0 (TID 22) (ae94b550aaa6, executor driver, partition 1, NODE_LOCAL, 9309 bytes) 
26/10/03 09:53:51 INFO TaskSetManager: Starting task 2.0 in stage 21.0 (TID 23) (ae94b550aaa6, executor driver, partition 2, NODE_LOCAL, 9309 bytes) 
26/10/03 09:53:51 INFO Executor: Running task 1.0 in stage 21.0 (TID 22)
26/10/03 09:53:51 INFO Executor: Running task 2.0 in stage 21.0 (TID 23)
26/10/03 09:53:51 INFO Executor: Running task 0.0 in stage 21.0 (TID 21)
26/10/03 09:53:51 INFO ShuffleBlockFetcherIterator: Getting 1 (1830.4 KiB) non-empty blocks including 1 (1830.4 KiB) local and 0 (0.0 B) host-local and 0 (0.0 B) push-merged-local and 0 (0.0 B) remote blocks
26/10/03 09:53:51 INFO ShuffleBlockFetcherIterator: Started 0 remote fetches in 0 ms
26/10/03 09:53:51 INFO ShuffleBlockFetcherIterator: Getting 1 (1830.4 KiB) non-empty blocks including 1 (1830.4 KiB) local and 0 (0.0 B) host-local and 0 (0.0 B) push-merged-local and 0 (0.0 B) remote blocks
26/10/03 09:53:51 INFO ShuffleBlockFetcherIterator: Started 0 remote fetches in 0 ms
26/10/03 09:53:51 INFO ShuffleBlockFetcherIterator: Getting 1 (1830.4 KiB) non-empty blocks including 1 (1830.4 KiB) local and 0 (0.0 B) host-local and 0 (0.0 B) push-merged-local and 0 (0.0 B) remote blocks
26/10/03 09:53:51 INFO ShuffleBlockFetcherIterator: Started 0 remote fetches in 0 ms
26/10/03 09:53:51 INFO CodeGenerator: Code generated in 10.881968 ms
26/10/03 09:53:51 INFO CodeGenerator: Code generated in 6.626063 ms
26/10/03 09:53:51 INFO Executor: Finished task 2.0 in stage 21.0 (TID 23). 4198 bytes result sent to driver
26/10/03 09:53:51 INFO Executor: Finished task 1.0 in stage 21.0 (TID 22). 4155 bytes result sent to driver
26/10/03 09:53:51 INFO TaskSetManager: Starting task 3.0 in stage 21.0 (TID 24) (ae94b550aaa6, executor driver, partition 3, NODE_LOCAL, 9309 bytes) 
26/10/03 09:53:51 INFO Executor: Finished task 0.0 in stage 21.0 (TID 21). 4155 bytes result sent to driver
26/10/03 09:53:51 INFO Executor: Running task 3.0 in stage 21.0 (TID 24)
26/10/03 09:53:51 INFO TaskSetManager: Finished task 2.0 in stage 21.0 (TID 23) in 86 ms on ae94b550aaa6 (executor driver) (1/4)
26/10/03 09:53:51 INFO TaskSetManager: Finished task 1.0 in stage 21.0 (TID 22) in 87 ms on ae94b550aaa6 (executor driver) (2/4)
26/10/03 09:53:51 INFO TaskSetManager: Finished task 0.0 in stage 21.0 (TID 21) in 88 ms on ae94b550aaa6 (executor driver) (3/4)
26/10/03 09:53:51 INFO ShuffleBlockFetcherIterator: Getting 1 (1830.4 KiB) non-empty blocks including 1 (1830.4 KiB) local and 0 (0.0 B) host-local and 0 (0.0 B) push-merged-local and 0 (0.0 B) remote blocks
26/10/03 09:53:51 INFO ShuffleBlockFetcherIterator: Started 0 remote fetches in 0 ms
26/10/03 09:53:51 INFO Executor: Finished task 3.0 in stage 21.0 (TID 24). 4112 bytes result sent to driver
26/10/03 09:53:51 INFO TaskSetManager: Finished task 3.0 in stage 21.0 (TID 24) in 29 ms on ae94b550aaa6 (executor driver) (4/4)
26/10/03 09:53:51 INFO TaskSchedulerImpl: Removed TaskSet 21.0, whose tasks have all completed, from pool 
26/10/03 09:53:51 INFO DAGScheduler: ShuffleMapStage 21 (collect at /work/spark/verify_lakehouse.py:23) finished in 0.132 s
26/10/03 09:53:51 INFO DAGScheduler: looking for newly runnable stages
26/10/03 09:53:51 INFO DAGScheduler: running: Set(ShuffleMapStage 12)
26/10/03 09:53:51 INFO DAGScheduler: waiting: Set()
26/10/03 09:53:51 INFO DAGScheduler: failed: Set()
26/10/03 09:53:52 INFO ShufflePartitionsUtil: For shuffle(8), advisory target size: 67108864, actual target size 1048576, minimum partition size: 1048576
26/10/03 09:53:52 INFO SparkContext: Starting job: collect at /work/spark/verify_lakehouse.py:23
26/10/03 09:53:52 INFO DAGScheduler: Got job 13 (collect at /work/spark/verify_lakehouse.py:23) with 1 output partitions
26/10/03 09:53:52 INFO DAGScheduler: Final stage: ResultStage 24 (collect at /work/spark/verify_lakehouse.py:23)
26/10/03 09:53:52 INFO DAGScheduler: Parents of final stage: List(ShuffleMapStage 23)
26/10/03 09:53:52 INFO DAGScheduler: Missing parents: List()
26/10/03 09:53:52 INFO DAGScheduler: Submitting ResultStage 24 (MapPartitionsRDD[47] at collect at /work/spark/verify_lakehouse.py:23), which has no missing parents
26/10/03 09:53:52 INFO MemoryStore: Block broadcast_24 stored as values in memory (estimated size 8.2 KiB, free 1047.4 MiB)
26/10/03 09:53:52 INFO MemoryStore: Block broadcast_24_piece0 stored as bytes in memory (estimated size 4.2 KiB, free 1047.4 MiB)
26/10/03 09:53:52 INFO BlockManagerInfo: Added broadcast_24_piece0 in memory on ae94b550aaa6:43503 (size: 4.2 KiB, free: 1048.7 MiB)
26/10/03 09:53:52 INFO SparkContext: Created broadcast 24 from broadcast at DAGScheduler.scala:1585
26/10/03 09:53:52 INFO BlockManagerInfo: Removed broadcast_23_piece0 on ae94b550aaa6:43503 in memory (size: 7.6 KiB, free: 1048.7 MiB)
26/10/03 09:53:52 INFO DAGScheduler: Submitting 1 missing tasks from ResultStage 24 (MapPartitionsRDD[47] at collect at /work/spark/verify_lakehouse.py:23) (first 15 tasks are for partitions Vector(0))
26/10/03 09:53:52 INFO TaskSchedulerImpl: Adding task set 24.0 with 1 tasks resource profile 0
26/10/03 09:53:52 INFO TaskSetManager: Starting task 0.0 in stage 24.0 (TID 25) (ae94b550aaa6, executor driver, partition 0, NODE_LOCAL, 9317 bytes) 
26/10/03 09:53:52 INFO Executor: Running task 0.0 in stage 24.0 (TID 25)
26/10/03 09:53:52 INFO ShuffleBlockFetcherIterator: Getting 4 (17.2 KiB) non-empty blocks including 4 (17.2 KiB) local and 0 (0.0 B) host-local and 0 (0.0 B) push-merged-local and 0 (0.0 B) remote blocks
26/10/03 09:53:52 INFO ShuffleBlockFetcherIterator: Started 0 remote fetches in 0 ms
26/10/03 09:53:52 INFO Executor: Finished task 0.0 in stage 24.0 (TID 25). 13550 bytes result sent to driver
26/10/03 09:53:52 INFO TaskSetManager: Finished task 0.0 in stage 24.0 (TID 25) in 5 ms on ae94b550aaa6 (executor driver) (1/1)
26/10/03 09:53:52 INFO TaskSchedulerImpl: Removed TaskSet 24.0, whose tasks have all completed, from pool 
26/10/03 09:53:52 INFO DAGScheduler: ResultStage 24 (collect at /work/spark/verify_lakehouse.py:23) finished in 0.018 s
26/10/03 09:53:52 INFO DAGScheduler: Job 13 is finished. Cancelling potential speculative or zombie tasks for this job
26/10/03 09:53:52 INFO TaskSchedulerImpl: Killing all running tasks in stage 24: Stage finished
26/10/03 09:53:52 INFO DAGScheduler: Job 13 finished: collect at /work/spark/verify_lakehouse.py:23, took 0.020942 s
26/10/03 09:53:52 INFO CodeGenerator: Code generated in 3.682392 ms
26/10/03 09:53:52 INFO MemoryStore: Block broadcast_25 stored as values in memory (estimated size 1040.0 KiB, free 1046.4 MiB)
26/10/03 09:53:52 INFO MemoryStore: Block broadcast_25_piece0 stored as bytes in memory (estimated size 13.2 KiB, free 1046.4 MiB)
26/10/03 09:53:52 INFO BlockManagerInfo: Added broadcast_25_piece0 in memory on ae94b550aaa6:43503 (size: 13.2 KiB, free: 1048.7 MiB)
26/10/03 09:53:52 INFO SparkContext: Created broadcast 25 from collect at /work/spark/verify_lakehouse.py:23
26/10/03 09:53:52 INFO Executor: Finished task 2.0 in stage 12.0 (TID 14). 4853 bytes result sent to driver
26/10/03 09:53:52 INFO BlockManagerInfo: Removed broadcast_24_piece0 on ae94b550aaa6:43503 in memory (size: 4.2 KiB, free: 1048.7 MiB)
26/10/03 09:53:52 INFO TaskSetManager: Finished task 2.0 in stage 12.0 (TID 14) in 3000 ms on ae94b550aaa6 (executor driver) (3/3)
26/10/03 09:53:52 INFO TaskSchedulerImpl: Removed TaskSet 12.0, whose tasks have all completed, from pool 
26/10/03 09:53:52 INFO DAGScheduler: ShuffleMapStage 12 (collect at /work/spark/verify_lakehouse.py:23) finished in 7.590 s
26/10/03 09:53:52 INFO DAGScheduler: looking for newly runnable stages
26/10/03 09:53:52 INFO DAGScheduler: running: Set()
26/10/03 09:53:52 INFO DAGScheduler: waiting: Set()
26/10/03 09:53:52 INFO DAGScheduler: failed: Set()
26/10/03 09:53:52 INFO ShufflePartitionsUtil: For shuffle(6, 5), advisory target size: 67108864, actual target size 64581404, minimum partition size: 1048576
26/10/03 09:53:52 INFO CodeGenerator: Code generated in 4.247469 ms
26/10/03 09:53:52 INFO HashAggregateExec: spark.sql.codegen.aggregate.map.twolevel.enabled is set to true, but current version of codegened fast hashmap does not support this aggregate.
26/10/03 09:53:52 INFO CodeGenerator: Code generated in 20.488338 ms
26/10/03 09:53:52 INFO CodeGenerator: Code generated in 4.095025 ms
26/10/03 09:53:52 INFO HashAggregateExec: spark.sql.codegen.aggregate.map.twolevel.enabled is set to true, but current version of codegened fast hashmap does not support this aggregate.
26/10/03 09:53:52 INFO CodeGenerator: Code generated in 8.95513 ms
26/10/03 09:53:52 INFO SparkContext: Starting job: collect at /work/spark/verify_lakehouse.py:23
26/10/03 09:53:52 INFO DAGScheduler: Got job 14 (collect at /work/spark/verify_lakehouse.py:23) with 4 output partitions
26/10/03 09:53:52 INFO DAGScheduler: Final stage: ResultStage 27 (collect at /work/spark/verify_lakehouse.py:23)
26/10/03 09:53:52 INFO DAGScheduler: Parents of final stage: List(ShuffleMapStage 25, ShuffleMapStage 26)
26/10/03 09:53:52 INFO DAGScheduler: Missing parents: List()
26/10/03 09:53:52 INFO DAGScheduler: Submitting ResultStage 27 (MapPartitionsRDD[55] at collect at /work/spark/verify_lakehouse.py:23), which has no missing parents
26/10/03 09:53:52 INFO MemoryStore: Block broadcast_26 stored as values in memory (estimated size 114.5 KiB, free 1046.3 MiB)
26/10/03 09:53:52 INFO MemoryStore: Block broadcast_26_piece0 stored as bytes in memory (estimated size 45.1 KiB, free 1046.2 MiB)
26/10/03 09:53:52 INFO BlockManagerInfo: Added broadcast_26_piece0 in memory on ae94b550aaa6:43503 (size: 45.1 KiB, free: 1048.7 MiB)
26/10/03 09:53:52 INFO SparkContext: Created broadcast 26 from broadcast at DAGScheduler.scala:1585
26/10/03 09:53:52 INFO DAGScheduler: Submitting 4 missing tasks from ResultStage 27 (MapPartitionsRDD[55] at collect at /work/spark/verify_lakehouse.py:23) (first 15 tasks are for partitions Vector(0, 1, 2, 3))
26/10/03 09:53:52 INFO TaskSchedulerImpl: Adding task set 27.0 with 4 tasks resource profile 0
26/10/03 09:53:52 INFO TaskSetManager: Starting task 0.0 in stage 27.0 (TID 26) (ae94b550aaa6, executor driver, partition 0, NODE_LOCAL, 9583 bytes) 
26/10/03 09:53:52 INFO TaskSetManager: Starting task 1.0 in stage 27.0 (TID 27) (ae94b550aaa6, executor driver, partition 1, NODE_LOCAL, 9583 bytes) 
26/10/03 09:53:52 INFO TaskSetManager: Starting task 2.0 in stage 27.0 (TID 28) (ae94b550aaa6, executor driver, partition 2, NODE_LOCAL, 9583 bytes) 
26/10/03 09:53:52 INFO TaskSetManager: Starting task 3.0 in stage 27.0 (TID 29) (ae94b550aaa6, executor driver, partition 3, NODE_LOCAL, 9583 bytes) 
26/10/03 09:53:52 INFO Executor: Running task 0.0 in stage 27.0 (TID 26)
26/10/03 09:53:52 INFO Executor: Running task 1.0 in stage 27.0 (TID 27)
26/10/03 09:53:52 INFO Executor: Running task 2.0 in stage 27.0 (TID 28)
26/10/03 09:53:52 INFO Executor: Running task 3.0 in stage 27.0 (TID 29)
26/10/03 09:53:52 INFO BlockManagerInfo: Removed broadcast_19_piece0 on ae94b550aaa6:43503 in memory (size: 7.4 KiB, free: 1048.7 MiB)
26/10/03 09:53:52 INFO CodeGenerator: Code generated in 12.264083 ms
26/10/03 09:53:52 INFO ShuffleBlockFetcherIterator: Getting 3 (47.5 MiB) non-empty blocks including 3 (47.5 MiB) local and 0 (0.0 B) host-local and 0 (0.0 B) push-merged-local and 0 (0.0 B) remote blocks
26/10/03 09:53:52 INFO ShuffleBlockFetcherIterator: Getting 3 (47.5 MiB) non-empty blocks including 3 (47.5 MiB) local and 0 (0.0 B) host-local and 0 (0.0 B) push-merged-local and 0 (0.0 B) remote blocks
26/10/03 09:53:52 INFO ShuffleBlockFetcherIterator: Started 0 remote fetches in 0 ms
26/10/03 09:53:52 INFO ShuffleBlockFetcherIterator: Getting 3 (47.5 MiB) non-empty blocks including 3 (47.5 MiB) local and 0 (0.0 B) host-local and 0 (0.0 B) push-merged-local and 0 (0.0 B) remote blocks
26/10/03 09:53:52 INFO ShuffleBlockFetcherIterator: Getting 3 (47.5 MiB) non-empty blocks including 3 (47.5 MiB) local and 0 (0.0 B) host-local and 0 (0.0 B) push-merged-local and 0 (0.0 B) remote blocks
26/10/03 09:53:52 INFO ShuffleBlockFetcherIterator: Started 0 remote fetches in 0 ms
26/10/03 09:53:52 INFO ShuffleBlockFetcherIterator: Started 0 remote fetches in 0 ms
26/10/03 09:53:52 INFO ShuffleBlockFetcherIterator: Started 0 remote fetches in 0 ms
26/10/03 09:53:52 INFO CodeGenerator: Code generated in 6.867915 ms
26/10/03 09:53:52 INFO ShuffleBlockFetcherIterator: Getting 3 (14.1 MiB) non-empty blocks including 3 (14.1 MiB) local and 0 (0.0 B) host-local and 0 (0.0 B) push-merged-local and 0 (0.0 B) remote blocks
26/10/03 09:53:52 INFO ShuffleBlockFetcherIterator: Getting 3 (14.1 MiB) non-empty blocks including 3 (14.1 MiB) local and 0 (0.0 B) host-local and 0 (0.0 B) push-merged-local and 0 (0.0 B) remote blocks
26/10/03 09:53:52 INFO ShuffleBlockFetcherIterator: Getting 3 (14.1 MiB) non-empty blocks including 3 (14.1 MiB) local and 0 (0.0 B) host-local and 0 (0.0 B) push-merged-local and 0 (0.0 B) remote blocks
26/10/03 09:53:52 INFO ShuffleBlockFetcherIterator: Started 0 remote fetches in 0 ms
26/10/03 09:53:52 INFO ShuffleBlockFetcherIterator: Started 0 remote fetches in 0 ms
26/10/03 09:53:52 INFO ShuffleBlockFetcherIterator: Started 0 remote fetches in 0 ms
26/10/03 09:53:52 INFO ShuffleBlockFetcherIterator: Getting 3 (14.1 MiB) non-empty blocks including 3 (14.1 MiB) local and 0 (0.0 B) host-local and 0 (0.0 B) push-merged-local and 0 (0.0 B) remote blocks
26/10/03 09:53:52 INFO ShuffleBlockFetcherIterator: Started 0 remote fetches in 0 ms
26/10/03 09:53:52 INFO CodeGenerator: Code generated in 8.121421 ms
26/10/03 09:53:52 INFO CodeGenerator: Code generated in 16.852823 ms
26/10/03 09:53:52 INFO CodeGenerator: Code generated in 3.093256 ms
26/10/03 09:53:52 WARN RowBasedKeyValueBatch: Calling spill() on RowBasedKeyValueBatch. Will not spill but return 0.
26/10/03 09:53:52 INFO UnsafeExternalSorter: Thread 136 spilling sort data of 128.0 MiB to disk (0  time so far)
26/10/03 09:53:52 WARN RowBasedKeyValueBatch: Calling spill() on RowBasedKeyValueBatch. Will not spill but return 0.
26/10/03 09:53:52 INFO UnsafeExternalSorter: Thread 80 spilling sort data of 128.0 MiB to disk (0  time so far)
26/10/03 09:53:52 WARN RowBasedKeyValueBatch: Calling spill() on RowBasedKeyValueBatch. Will not spill but return 0.
26/10/03 09:53:52 INFO UnsafeExternalSorter: Thread 135 spilling sort data of 128.0 MiB to disk (0  time so far)
26/10/03 09:53:52 WARN RowBasedKeyValueBatch: Calling spill() on RowBasedKeyValueBatch. Will not spill but return 0.
26/10/03 09:53:52 INFO UnsafeExternalSorter: Thread 134 spilling sort data of 128.0 MiB to disk (0  time so far)
26/10/03 09:53:53 WARN RowBasedKeyValueBatch: Calling spill() on RowBasedKeyValueBatch. Will not spill but return 0.
26/10/03 09:53:53 INFO UnsafeExternalSorter: Thread 135 spilling sort data of 128.0 MiB to disk (1  time so far)
26/10/03 09:53:53 WARN RowBasedKeyValueBatch: Calling spill() on RowBasedKeyValueBatch. Will not spill but return 0.
26/10/03 09:53:53 INFO UnsafeExternalSorter: Thread 80 spilling sort data of 128.0 MiB to disk (1  time so far)
26/10/03 09:53:53 WARN RowBasedKeyValueBatch: Calling spill() on RowBasedKeyValueBatch. Will not spill but return 0.
26/10/03 09:53:53 INFO UnsafeExternalSorter: Thread 134 spilling sort data of 128.0 MiB to disk (1  time so far)
26/10/03 09:53:53 WARN RowBasedKeyValueBatch: Calling spill() on RowBasedKeyValueBatch. Will not spill but return 0.
26/10/03 09:53:53 INFO UnsafeExternalSorter: Thread 136 spilling sort data of 128.0 MiB to disk (1  time so far)
26/10/03 09:53:53 WARN RowBasedKeyValueBatch: Calling spill() on RowBasedKeyValueBatch. Will not spill but return 0.
26/10/03 09:53:53 INFO UnsafeExternalSorter: Thread 136 spilling sort data of 128.0 MiB to disk (2  times so far)
26/10/03 09:53:53 WARN RowBasedKeyValueBatch: Calling spill() on RowBasedKeyValueBatch. Will not spill but return 0.
26/10/03 09:53:53 INFO UnsafeExternalSorter: Thread 135 spilling sort data of 128.0 MiB to disk (2  times so far)
26/10/03 09:53:53 WARN RowBasedKeyValueBatch: Calling spill() on RowBasedKeyValueBatch. Will not spill but return 0.
26/10/03 09:53:53 INFO UnsafeExternalSorter: Thread 80 spilling sort data of 128.0 MiB to disk (2  times so far)
26/10/03 09:53:53 WARN RowBasedKeyValueBatch: Calling spill() on RowBasedKeyValueBatch. Will not spill but return 0.
26/10/03 09:53:53 INFO UnsafeExternalSorter: Thread 134 spilling sort data of 128.0 MiB to disk (2  times so far)
26/10/03 09:53:55 INFO Executor: Finished task 0.0 in stage 27.0 (TID 26). 31851 bytes result sent to driver
26/10/03 09:53:55 INFO TaskSetManager: Finished task 0.0 in stage 27.0 (TID 26) in 2901 ms on ae94b550aaa6 (executor driver) (1/4)
26/10/03 09:53:55 INFO Executor: Finished task 3.0 in stage 27.0 (TID 29). 32002 bytes result sent to driver
26/10/03 09:53:55 INFO TaskSetManager: Finished task 3.0 in stage 27.0 (TID 29) in 2935 ms on ae94b550aaa6 (executor driver) (2/4)
26/10/03 09:53:55 INFO Executor: Finished task 1.0 in stage 27.0 (TID 27). 31361 bytes result sent to driver
26/10/03 09:53:55 INFO TaskSetManager: Finished task 1.0 in stage 27.0 (TID 27) in 2961 ms on ae94b550aaa6 (executor driver) (3/4)
26/10/03 09:53:55 INFO Executor: Finished task 2.0 in stage 27.0 (TID 28). 32196 bytes result sent to driver
26/10/03 09:53:55 INFO TaskSetManager: Finished task 2.0 in stage 27.0 (TID 28) in 2973 ms on ae94b550aaa6 (executor driver) (4/4)
26/10/03 09:53:55 INFO TaskSchedulerImpl: Removed TaskSet 27.0, whose tasks have all completed, from pool 
26/10/03 09:53:55 INFO DAGScheduler: ResultStage 27 (collect at /work/spark/verify_lakehouse.py:23) finished in 2.981 s
26/10/03 09:53:55 INFO DAGScheduler: Job 14 is finished. Cancelling potential speculative or zombie tasks for this job
26/10/03 09:53:55 INFO TaskSchedulerImpl: Killing all running tasks in stage 27: Stage finished
26/10/03 09:53:55 INFO DAGScheduler: Job 14 finished: collect at /work/spark/verify_lakehouse.py:23, took 2.985815 s
26/10/03 09:53:55 INFO CatalogUtil: Loading custom FileIO implementation: org.apache.iceberg.aws.s3.S3FileIO
26/10/03 09:53:55 INFO V2ScanRelationPushDown: 
Output: name#138, custkey#139L, orderkey#140L, orderdate#141, totalprice#142, total_quantity#143, loaded_at#144
         
26/10/03 09:53:55 INFO SnapshotScan: Scanning table bench.v3_gold.large_volume_customers snapshot 9011628978264547179 created at 2026-10-03T09:48:04.648+00:00 with filter true
26/10/03 09:53:55 INFO BaseDistributedDataScan: Planning file tasks locally for table bench.v3_gold.large_volume_customers
26/10/03 09:53:55 INFO LoggingMetricsReporter: Received metrics report: ScanReport{tableName=bench.v3_gold.large_volume_customers, snapshotId=9011628978264547179, filter=true, schemaId=0, projectedFieldIds=[1, 2, 3, 4, 5, 6, 7], projectedFieldNames=[name, custkey, orderkey, orderdate, totalprice, total_quantity, loaded_at], scanMetrics=ScanMetricsResult{totalPlanningDuration=TimerResult{timeUnit=NANOSECONDS, totalDuration=PT0.029156763S, count=1}, resultDataFiles=CounterResult{unit=COUNT, value=1}, resultDeleteFiles=CounterResult{unit=COUNT, value=0}, totalDataManifests=CounterResult{unit=COUNT, value=1}, totalDeleteManifests=CounterResult{unit=COUNT, value=0}, scannedDataManifests=CounterResult{unit=COUNT, value=1}, skippedDataManifests=CounterResult{unit=COUNT, value=0}, totalFileSizeInBytes=CounterResult{unit=BYTES, value=3131}, totalDeleteFileSizeInBytes=CounterResult{unit=BYTES, value=0}, skippedDataFiles=CounterResult{unit=COUNT, value=0}, skippedDeleteFiles=CounterResult{unit=COUNT, value=0}, scannedDeleteManifests=CounterResult{unit=COUNT, value=0}, skippedDeleteManifests=CounterResult{unit=COUNT, value=0}, indexedDeleteFiles=CounterResult{unit=COUNT, value=0}, equalityDeleteFiles=CounterResult{unit=COUNT, value=0}, positionalDeleteFiles=CounterResult{unit=COUNT, value=0}}, metadata={engine-version=3.5.3, iceberg-version=Apache Iceberg 1.7.1 (commit 4a432839233f2343a9eae8255532f911f06358ef), app-id=local-1791021217916, engine-name=spark}}
26/10/03 09:53:55 INFO SparkPartitioningAwareScan: Reporting UnknownPartitioning with 1 partition(s) for table bench.v3_gold.large_volume_customers
26/10/03 09:53:55 INFO MemoryStore: Block broadcast_27 stored as values in memory (estimated size 32.0 KiB, free 1046.2 MiB)
26/10/03 09:53:55 INFO MemoryStore: Block broadcast_27_piece0 stored as bytes in memory (estimated size 4.0 KiB, free 1046.2 MiB)
26/10/03 09:53:55 INFO BlockManagerInfo: Added broadcast_27_piece0 in memory on ae94b550aaa6:43503 (size: 4.0 KiB, free: 1048.7 MiB)
26/10/03 09:53:55 INFO SparkContext: Created broadcast 27 from broadcast at SparkBatch.java:79
26/10/03 09:53:55 INFO MemoryStore: Block broadcast_28 stored as values in memory (estimated size 32.0 KiB, free 1046.2 MiB)
26/10/03 09:53:55 INFO MemoryStore: Block broadcast_28_piece0 stored as bytes in memory (estimated size 4.0 KiB, free 1046.2 MiB)
26/10/03 09:53:55 INFO BlockManagerInfo: Added broadcast_28_piece0 in memory on ae94b550aaa6:43503 (size: 4.0 KiB, free: 1048.7 MiB)
26/10/03 09:53:55 INFO SparkContext: Created broadcast 28 from broadcast at SparkBatch.java:79
26/10/03 09:53:55 INFO CodeGenerator: Code generated in 6.85749 ms
26/10/03 09:53:55 INFO SparkContext: Starting job: showString at <unknown>:0
26/10/03 09:53:55 INFO DAGScheduler: Got job 15 (showString at <unknown>:0) with 1 output partitions
26/10/03 09:53:55 INFO DAGScheduler: Final stage: ResultStage 28 (showString at <unknown>:0)
26/10/03 09:53:55 INFO DAGScheduler: Parents of final stage: List()
26/10/03 09:53:55 INFO DAGScheduler: Missing parents: List()
26/10/03 09:53:55 INFO DAGScheduler: Submitting ResultStage 28 (MapPartitionsRDD[59] at showString at <unknown>:0), which has no missing parents
26/10/03 09:53:55 INFO MemoryStore: Block broadcast_29 stored as values in memory (estimated size 18.5 KiB, free 1046.2 MiB)
26/10/03 09:53:55 INFO MemoryStore: Block broadcast_29_piece0 stored as bytes in memory (estimated size 6.7 KiB, free 1046.1 MiB)
26/10/03 09:53:55 INFO BlockManagerInfo: Added broadcast_29_piece0 in memory on ae94b550aaa6:43503 (size: 6.7 KiB, free: 1048.7 MiB)
26/10/03 09:53:55 INFO SparkContext: Created broadcast 29 from broadcast at DAGScheduler.scala:1585
26/10/03 09:53:55 INFO DAGScheduler: Submitting 1 missing tasks from ResultStage 28 (MapPartitionsRDD[59] at showString at <unknown>:0) (first 15 tasks are for partitions Vector(0))
26/10/03 09:53:55 INFO TaskSchedulerImpl: Adding task set 28.0 with 1 tasks resource profile 0
26/10/03 09:53:55 INFO TaskSetManager: Starting task 0.0 in stage 28.0 (TID 30) (ae94b550aaa6, executor driver, partition 0, PROCESS_LOCAL, 14309 bytes) 
26/10/03 09:53:55 INFO Executor: Running task 0.0 in stage 28.0 (TID 30)
26/10/03 09:53:55 INFO CodeGenerator: Code generated in 4.619019 ms
26/10/03 09:53:55 INFO CodecPool: Got brand-new decompressor [.zstd]
26/10/03 09:53:55 INFO Executor: Finished task 0.0 in stage 28.0 (TID 30). 5058 bytes result sent to driver
26/10/03 09:53:55 INFO TaskSetManager: Finished task 0.0 in stage 28.0 (TID 30) in 59 ms on ae94b550aaa6 (executor driver) (1/1)
26/10/03 09:53:55 INFO TaskSchedulerImpl: Removed TaskSet 28.0, whose tasks have all completed, from pool 
26/10/03 09:53:55 INFO DAGScheduler: ResultStage 28 (showString at <unknown>:0) finished in 0.063 s
26/10/03 09:53:55 INFO DAGScheduler: Job 15 is finished. Cancelling potential speculative or zombie tasks for this job
26/10/03 09:53:55 INFO TaskSchedulerImpl: Killing all running tasks in stage 28: Stage finished
26/10/03 09:53:55 INFO DAGScheduler: Job 15 finished: showString at <unknown>:0, took 0.065445 s
26/10/03 09:53:55 INFO CodeGenerator: Code generated in 3.5445 ms
+------------------+-------+--------+----------+----------+--------------+-----------------------+
|name              |custkey|orderkey|orderdate |totalprice|total_quantity|loaded_at              |
+------------------+-------+--------+----------+----------+--------------+-----------------------+
|Customer#000333941|333941 |2199712 |1996-09-30|569370.40 |327.00        |2026-10-03 12:48:03.838|
|Customer#000565334|565334 |18869634|1995-01-10|565520.21 |310.00        |2026-10-03 12:48:03.838|
|Customer#000466960|466960 |5200102 |1997-01-22|550628.34 |304.00        |2026-10-03 12:48:03.838|
|Customer#000322406|322406 |2745894 |1996-07-04|549127.10 |304.00        |2026-10-03 12:48:03.838|
|Customer#000185383|185383 |16089345|1996-07-09|539520.20 |305.00        |2026-10-03 12:48:03.838|
|Customer#000546893|546893 |5746311 |1996-10-10|538443.24 |302.00        |2026-10-03 12:48:03.838|
|Customer#000654188|654188 |28077922|1996-10-27|537859.01 |319.00        |2026-10-03 12:48:03.838|
|Customer#000183092|183092 |4806726 |1995-01-17|537776.40 |328.00        |2026-10-03 12:48:03.838|
|Customer#000151676|151676 |25243237|1996-06-30|535367.43 |315.00        |2026-10-03 12:48:03.838|
|Customer#000106226|106226 |23245603|1994-11-22|531353.33 |321.00        |2026-10-03 12:48:03.838|
+------------------+-------+--------+----------+----------+--------------+-----------------------+
only showing top 10 rows

26/10/03 09:53:55 INFO V2ScanRelationPushDown: 
Output: name#138, custkey#139L, orderkey#140L, orderdate#141, totalprice#142, total_quantity#143, loaded_at#144
         
26/10/03 09:53:55 INFO SnapshotScan: Scanning table bench.v3_gold.large_volume_customers snapshot 9011628978264547179 created at 2026-10-03T09:48:04.648+00:00 with filter true
26/10/03 09:53:55 INFO BaseDistributedDataScan: Planning file tasks locally for table bench.v3_gold.large_volume_customers
26/10/03 09:53:55 INFO LoggingMetricsReporter: Received metrics report: ScanReport{tableName=bench.v3_gold.large_volume_customers, snapshotId=9011628978264547179, filter=true, schemaId=0, projectedFieldIds=[1, 2, 3, 4, 5, 6, 7], projectedFieldNames=[name, custkey, orderkey, orderdate, totalprice, total_quantity, loaded_at], scanMetrics=ScanMetricsResult{totalPlanningDuration=TimerResult{timeUnit=NANOSECONDS, totalDuration=PT0.010579614S, count=1}, resultDataFiles=CounterResult{unit=COUNT, value=1}, resultDeleteFiles=CounterResult{unit=COUNT, value=0}, totalDataManifests=CounterResult{unit=COUNT, value=1}, totalDeleteManifests=CounterResult{unit=COUNT, value=0}, scannedDataManifests=CounterResult{unit=COUNT, value=1}, skippedDataManifests=CounterResult{unit=COUNT, value=0}, totalFileSizeInBytes=CounterResult{unit=BYTES, value=3131}, totalDeleteFileSizeInBytes=CounterResult{unit=BYTES, value=0}, skippedDataFiles=CounterResult{unit=COUNT, value=0}, skippedDeleteFiles=CounterResult{unit=COUNT, value=0}, scannedDeleteManifests=CounterResult{unit=COUNT, value=0}, skippedDeleteManifests=CounterResult{unit=COUNT, value=0}, indexedDeleteFiles=CounterResult{unit=COUNT, value=0}, equalityDeleteFiles=CounterResult{unit=COUNT, value=0}, positionalDeleteFiles=CounterResult{unit=COUNT, value=0}}, metadata={engine-version=3.5.3, iceberg-version=Apache Iceberg 1.7.1 (commit 4a432839233f2343a9eae8255532f911f06358ef), app-id=local-1791021217916, engine-name=spark}}
26/10/03 09:53:55 INFO SparkPartitioningAwareScan: Reporting UnknownPartitioning with 1 partition(s) for table bench.v3_gold.large_volume_customers
26/10/03 09:53:55 INFO MemoryStore: Block broadcast_30 stored as values in memory (estimated size 32.0 KiB, free 1046.1 MiB)
26/10/03 09:53:55 INFO MemoryStore: Block broadcast_30_piece0 stored as bytes in memory (estimated size 4.0 KiB, free 1046.1 MiB)
26/10/03 09:53:55 INFO BlockManagerInfo: Added broadcast_30_piece0 in memory on ae94b550aaa6:43503 (size: 4.0 KiB, free: 1048.7 MiB)
26/10/03 09:53:55 INFO SparkContext: Created broadcast 30 from collect at /work/spark/verify_lakehouse.py:27
26/10/03 09:53:55 INFO MemoryStore: Block broadcast_31 stored as values in memory (estimated size 32.0 KiB, free 1046.1 MiB)
26/10/03 09:53:55 INFO MemoryStore: Block broadcast_31_piece0 stored as bytes in memory (estimated size 4.0 KiB, free 1046.1 MiB)
26/10/03 09:53:55 INFO BlockManagerInfo: Added broadcast_31_piece0 in memory on ae94b550aaa6:43503 (size: 4.0 KiB, free: 1048.7 MiB)
26/10/03 09:53:55 INFO SparkContext: Created broadcast 31 from collect at /work/spark/verify_lakehouse.py:27
26/10/03 09:53:55 INFO CodeGenerator: Code generated in 4.27896 ms
26/10/03 09:53:55 INFO SparkContext: Starting job: collect at /work/spark/verify_lakehouse.py:27
26/10/03 09:53:55 INFO DAGScheduler: Got job 16 (collect at /work/spark/verify_lakehouse.py:27) with 1 output partitions
26/10/03 09:53:55 INFO DAGScheduler: Final stage: ResultStage 29 (collect at /work/spark/verify_lakehouse.py:27)
26/10/03 09:53:55 INFO DAGScheduler: Parents of final stage: List()
26/10/03 09:53:55 INFO DAGScheduler: Missing parents: List()
26/10/03 09:53:55 INFO DAGScheduler: Submitting ResultStage 29 (MapPartitionsRDD[63] at collect at /work/spark/verify_lakehouse.py:27), which has no missing parents
26/10/03 09:53:55 INFO MemoryStore: Block broadcast_32 stored as values in memory (estimated size 16.7 KiB, free 1046.1 MiB)
26/10/03 09:53:55 INFO MemoryStore: Block broadcast_32_piece0 stored as bytes in memory (estimated size 6.0 KiB, free 1046.1 MiB)
26/10/03 09:53:55 INFO BlockManagerInfo: Added broadcast_32_piece0 in memory on ae94b550aaa6:43503 (size: 6.0 KiB, free: 1048.7 MiB)
26/10/03 09:53:55 INFO SparkContext: Created broadcast 32 from broadcast at DAGScheduler.scala:1585
26/10/03 09:53:55 INFO DAGScheduler: Submitting 1 missing tasks from ResultStage 29 (MapPartitionsRDD[63] at collect at /work/spark/verify_lakehouse.py:27) (first 15 tasks are for partitions Vector(0))
26/10/03 09:53:55 INFO TaskSchedulerImpl: Adding task set 29.0 with 1 tasks resource profile 0
26/10/03 09:53:55 INFO TaskSetManager: Starting task 0.0 in stage 29.0 (TID 31) (ae94b550aaa6, executor driver, partition 0, PROCESS_LOCAL, 14309 bytes) 
26/10/03 09:53:55 INFO Executor: Running task 0.0 in stage 29.0 (TID 31)
26/10/03 09:53:55 INFO CodeGenerator: Code generated in 3.725459 ms
26/10/03 09:53:55 INFO CodecPool: Got brand-new decompressor [.zstd]
26/10/03 09:53:55 INFO Executor: Finished task 0.0 in stage 29.0 (TID 31). 8147 bytes result sent to driver
26/10/03 09:53:55 INFO TaskSetManager: Finished task 0.0 in stage 29.0 (TID 31) in 38 ms on ae94b550aaa6 (executor driver) (1/1)
26/10/03 09:53:55 INFO TaskSchedulerImpl: Removed TaskSet 29.0, whose tasks have all completed, from pool 
26/10/03 09:53:55 INFO DAGScheduler: ResultStage 29 (collect at /work/spark/verify_lakehouse.py:27) finished in 0.040 s
26/10/03 09:53:55 INFO DAGScheduler: Job 16 is finished. Cancelling potential speculative or zombie tasks for this job
26/10/03 09:53:55 INFO TaskSchedulerImpl: Killing all running tasks in stage 29: Stage finished
26/10/03 09:53:55 INFO DAGScheduler: Job 16 finished: collect at /work/spark/verify_lakehouse.py:27, took 0.042546 s
SPARK READS THE SAME LAKEHOUSE: BRONZE Q18 AND GOLD PASSED
26/10/03 09:53:55 INFO SparkContext: SparkContext is stopping with exitCode 0.
26/10/03 09:53:55 INFO SparkUI: Stopped Spark web UI at http://ae94b550aaa6:4040
26/10/03 09:53:55 INFO MapOutputTrackerMasterEndpoint: MapOutputTrackerMasterEndpoint stopped!
26/10/03 09:53:55 INFO MemoryStore: MemoryStore cleared
26/10/03 09:53:55 INFO BlockManager: BlockManager stopped
26/10/03 09:53:55 INFO BlockManagerMaster: BlockManagerMaster stopped
26/10/03 09:53:55 INFO OutputCommitCoordinator$OutputCommitCoordinatorEndpoint: OutputCommitCoordinator stopped!
26/10/03 09:53:55 INFO SparkContext: Successfully stopped SparkContext
26/10/03 09:53:55 INFO ShutdownHookManager: Shutdown hook called
26/10/03 09:53:55 INFO ShutdownHookManager: Deleting directory /tmp/spark-cbd18457-9d53-4c3b-af1b-03f262608c97
26/10/03 09:53:55 INFO ShutdownHookManager: Deleting directory /tmp/spark-e50cad6a-e060-4253-a14d-759c39c84448/pyspark-464fba18-0161-4917-8212-744bb7ea2309
26/10/03 09:53:55 INFO ShutdownHookManager: Deleting directory /tmp/spark-e50cad6a-e060-4253-a14d-759c39c84448
